CreatedOn,StoreId,RegisterName,0%,6%,12%,21%,Bancontact,Cash,Betalen met kaart,UberEats,TakeAway,Deliveroo
2026-04-01,266,Belchicken A12 Drive,0,1173.7,0,0,0,131.2,1042.5,0,0,0
2026-04-02,266,Belchicken A12 Drive,0,769.9,0,0,0,128.6,641.3,0,0,0
2026-04-03,266,Belchicken A12 Drive,0,1337.2,0,0,0,130.9,1206.3,0,0,0
2026-04-04,266,Belchicken A12 Drive,0,1466.5,0,0,0,290.2,1176.3,0,0,0
2026-04-05,266,Belchicken A12 Drive,0,1108.4,0,0,0,104,1004.4,0,0,0
2026-04-06,266,Belchicken A12 Drive,0,1604.1,0,0,0,304.8,1299.3,0,0,0
2026-04-07,266,Belchicken A12 Drive,0,905.4,0,0,0,71.6,833.8,0,0,0
2026-04-08,266,Belchicken A12 Drive,0,1002.3,0,0,0,145,857.3,0,0,0
2026-04-09,266,Belchicken A12 Drive,0,974.8,0,0,0,24.8,950,0,0,0
2026-04-10,266,Belchicken A12 Drive,0,1525.07,0,0,0,65.3,1459.77,0,0,0
2026-04-11,266,Belchicken A12 Drive,0,1789.65,0,0,0,184.1,1605.55,0,0,0
2026-04-12,266,Belchicken A12 Drive,0,1049.7,0,0,0,131.9,917.8,0,0,0
2026-04-13,266,Belchicken A12 Drive,0,700.8,0,0,0,147.6,553.2,0,0,0
2026-04-14,266,Belchicken A12 Drive,0,829,0,0,0,113.6,715.4,0,0,0
2026-04-15,266,Belchicken A12 Drive,0,852.3,0,0,0,26.2,826.1,0,0,0
2026-04-16,266,Belchicken A12 Drive,0,943.45,0,0,0,0,943.45,0,0,0
2026-04-17,266,Belchicken A12 Drive,0,1312.53,0,0,0,276,1036.53,0,0,0
2026-04-18,266,Belchicken A12 Drive,0,1148.75,0,0,0,246.25,902.5,0,0,0
2026-04-19,266,Belchicken A12 Drive,0,1218.95,0,0,0,290.6,928.35,0,0,0
2026-04-20,266,Belchicken A12 Drive,0,924.95,0,0,0,76.3,848.65,0,0,0
2026-04-21,266,Belchicken A12 Drive,0,505.55,0,0,0,63.8,441.75,0,0,0
2026-04-22,266,Belchicken A12 Drive,0,823.7,0,0,0,114.2,709.5,0,0,0
2026-04-23,266,Belchicken A12 Drive,0,740.6,0,0,0,110.9,629.7,0,0,0
2026-04-24,266,Belchicken A12 Drive,0,852.8,0,0,0,81.6,771.2,0,0,0
2026-04-25,266,Belchicken A12 Drive,0,1324.5,0,0,0,253.4,1071.1,0,0,0
2026-04-26,266,Belchicken A12 Drive,0,980.6,0,0,0,205.6,775,0,0,0
2026-04-27,266,Belchicken A12 Drive,0,846.7,0,0,0,150.2,696.5,0,0,0
2026-04-28,266,Belchicken A12 Drive,0,603.9,0,0,0,66.2,537.7,0,0,0
2026-04-29,266,Belchicken A12 Drive,0,808.15,0,0,0,82.7,725.45,0,0,0
2026-04-30,266,Belchicken A12 Drive,0,1342.6,0,0,0,123.7,1218.9,0,0,0
2026-04-01,217,Belchicken Aalst,0,484.2,1155.9,148.7,0,31,1757.8,0,0,0
2026-04-02,217,Belchicken Aalst,0,317.84,433.7,45,0,12.8,783.74,0,0,0
2026-04-03,217,Belchicken Aalst,0,936.6,1435,150.2,0,459.6,2062.2,0,0,0
2026-04-04,217,Belchicken Aalst,0,602,1290.5,125.3,0,194,1823.8,0,0,0
2026-04-05,217,Belchicken Aalst,0,461.9,290,37.8,0,118.5,671.2,0,0,0
2026-04-06,217,Belchicken Aalst,0,490.7,413.4,41,0,74.5,870.6,0,0,0
2026-04-07,217,Belchicken Aalst,0,611.8,1161.1,126.3,0,99.9,1799.3,0,0,0
2026-04-08,217,Belchicken Aalst,0,507.1,1260.8,124.8,0,125.9,1753.6,0,13.2,0
2026-04-09,217,Belchicken Aalst,0,837.6,1028.5,118.8,0,173.9,1811,0,0,0
2026-04-10,217,Belchicken Aalst,0,371.3,715.8,91.2,0,61,1117.3,0,0,0
2026-04-11,217,Belchicken Aalst,0,500.8,976.1,106.9,0,178.3,1385.8,0,19.7,0
2026-04-12,217,Belchicken Aalst,0,154.6,653.6,61.5,0,114.3,755.4,0,0,0
2026-04-13,217,Belchicken Aalst,0,525.1,860.9,83.3,28.6,135.6,1305.1,0,0,0
2026-04-14,217,Belchicken Aalst,0,1060.7,686.6,75.4,0,259.1,1515.6,0,48,0
2026-04-15,217,Belchicken Aalst,0,695.6,875.8,93,0,169.6,1478.1,0,16.7,0
2026-04-16,217,Belchicken Aalst,0,354.8,940.2,119.1,0,185.4,1228.7,0,0,0
2026-04-17,217,Belchicken Aalst,0,643.5,948,97.4,43.9,285,1360,0,0,0
2026-04-18,217,Belchicken Aalst,0,421.4,869.3,104.7,0,92,1275.1,0,28.3,0
2026-04-19,217,Belchicken Aalst,0,193.4,280,33,0,61.5,424.7,0,20.2,0
2026-04-20,217,Belchicken Aalst,0,468.6,349.1,24,0,53.5,788.2,0,0,0
2026-04-21,217,Belchicken Aalst,0,406.4,391.1,36.2,0,124.5,685.8,0,23.4,0
2026-04-22,217,Belchicken Aalst,0,737.13,642,53,0,131,1301.13,0,0,0
2026-04-23,217,Belchicken Aalst,0,267.7,416.8,44.9,0,24.7,691.5,0,13.2,0
2026-04-24,217,Belchicken Aalst,0,467.5,563.6,49.6,0,80.8,999.9,0,0,0
2026-04-25,217,Belchicken Aalst,0,531.5,1428.6,171.1,0,358.7,1772.5,0,0,0
2026-04-26,217,Belchicken Aalst,0,130.9,285.1,35.5,0,92.9,358.6,0,0,0
2026-04-27,217,Belchicken Aalst,0,621.5,355.1,32.4,0,108.6,883.2,0,17.2,0
2026-04-28,217,Belchicken Aalst,0,355.1,510.8,48.9,0,106.7,808.1,0,0,0
2026-04-29,217,Belchicken Aalst,0,567.5,1009.4,97.6,0,125.6,1548.9,0,0,0
2026-04-30,217,Belchicken Aalst,0,505.5,989.9,110.4,0,100.5,1505.3,0,0,0
2026-04-01,265,Belchicken Aartselaar,0,1003.96,2343.64,265.85,0,214.36,3399.09,0,0,0
2026-04-02,265,Belchicken Aartselaar,0,884.9,2280.2,228.2,0,91.3,3302,0,0,0
2026-04-03,265,Belchicken Aartselaar,0,1327.7,2609.55,240.85,0,233.7,3944.4,0,0,0
2026-04-04,265,Belchicken Aartselaar,0,999.11,5473.1,667.3,0,430.1,6709.41,0,0,0
2026-04-05,265,Belchicken Aartselaar,0,607.05,3336.55,409.15,0,292.4,4060.35,0,0,0
2026-04-06,265,Belchicken Aartselaar,0,690.88,4631.11,511.21,0,349.09,5484.11,0,0,0
2026-04-07,265,Belchicken Aartselaar,0,594.8,2668.7,293.7,0,305.2,3252,0,0,0
2026-04-08,265,Belchicken Aartselaar,0,990.8,2692,283.47,0,381.32,3584.95,0,0,0
2026-04-09,265,Belchicken Aartselaar,0,720.75,2706.2,267.8,0,243.9,3450.85,0,0,0
2026-04-10,265,Belchicken Aartselaar,0,1175.7,3088.95,336.55,0,310.3,4290.9,0,0,0
2026-04-11,265,Belchicken Aartselaar,0,575.2,3866.55,423.35,0,209.2,4655.9,0,0,0
2026-04-12,265,Belchicken Aartselaar,0,962.5,3070,337.7,0,120.3,4249.9,0,0,0
2026-04-13,265,Belchicken Aartselaar,0,484.75,1746.95,178.85,0,235,2175.55,0,0,0
2026-04-14,265,Belchicken Aartselaar,0,451.6,1900.2,194.5,0,144.4,2401.9,0,0,0
2026-04-15,265,Belchicken Aartselaar,0,813.71,2642.29,285.29,0,180.7,3560.59,0,0,0
2026-04-16,265,Belchicken Aartselaar,0,826.7,2389.7,236.6,0,258.9,3194.1,0,0,0
2026-04-17,265,Belchicken Aartselaar,0,760.8,3111.2,282.4,0,315.5,3838.9,0,0,0
2026-04-18,265,Belchicken Aartselaar,0,1053.55,4204.7,383.1,0,144.8,5496.55,0,0,0
2026-04-19,265,Belchicken Aartselaar,0,917.05,3486.85,332.92,0,137.85,4598.97,0,0,0
2026-04-20,265,Belchicken Aartselaar,0,372.5,923.32,88.1,0,83,1300.92,0,0,0
2026-04-21,265,Belchicken Aartselaar,0,643.5,779.75,70.1,0,122.2,1371.15,0,0,0
2026-04-22,265,Belchicken Aartselaar,0,538.35,1680.34,177.55,0,498.49,1897.75,0,0,0
2026-04-23,265,Belchicken Aartselaar,0,281.5,1661.97,170.5,0,175.4,1938.57,0,0,0
2026-04-24,265,Belchicken Aartselaar,0,881.4,2549.9,244.9,0,111.2,3565,0,0,0
2026-04-25,265,Belchicken Aartselaar,0,1051.1,4818.5,498.4,0,353.5,6014.5,0,0,0
2026-04-26,265,Belchicken Aartselaar,0,407.45,2789.9,340.4,0,217.3,3320.45,0,0,0
2026-04-27,265,Belchicken Aartselaar,0,246.4,1116.9,112.5,0,164.9,1310.9,0,0,0
2026-04-28,265,Belchicken Aartselaar,0,417.2,1103.1,131.9,0,26.4,1625.8,0,0,0
2026-04-29,265,Belchicken Aartselaar,0,735.09,2245,222.8,0,242.09,2960.8,0,0,0
2026-04-30,265,Belchicken Aartselaar,0,947.3,2574.4,255.6,0,64.2,3713.1,0,0,0
2026-04-01,247,Belchicken Astridplein,0,1110.6,1536.6,207.9,0,223.2,2631.9,0,0,0
2026-04-02,247,Belchicken Astridplein,0,1109.3,2165.3,224.6,0,265.4,3233.8,0,0,0
2026-04-03,247,Belchicken Astridplein,0,1284.8,1969.5,231.9,0,242.3,3243.9,0,0,0
2026-04-04,247,Belchicken Astridplein,0,1138,3866.05,486.8,0,380.4,5110.45,0,0,0
2026-04-05,247,Belchicken Astridplein,0,725.7,3053.7,349.9,0,724.3,3405,0,0,0
2026-04-06,247,Belchicken Astridplein,0,1124.6,3671,440.8,0,547.6,4688.8,0,0,0
2026-04-07,247,Belchicken Astridplein,0,1057.2,2882.5,384.42,0,435.2,3888.92,0,0,0
2026-04-08,247,Belchicken Astridplein,0,998.1,2736.7,371.1,0,303.5,3802.4,0,0,0
2026-04-09,247,Belchicken Astridplein,0,1266.4,3257.2,449.5,0,842.8,4130.3,0,0,0
2026-04-10,247,Belchicken Astridplein,0,714.2,2376.25,285.65,22.8,212.6,3140.7,0,0,0
2026-04-11,247,Belchicken Astridplein,0,1064.2,3316.4,371.35,0,424.9,4327.05,0,0,0
2026-04-12,247,Belchicken Astridplein,0,599.9,2700.4,312.5,0,240.7,3372.1,0,0,0
2026-04-13,247,Belchicken Astridplein,0,980.9,2103.5,258.5,0,376.4,2966.5,0,0,0
2026-04-14,247,Belchicken Astridplein,0,732.7,2738.7,341.8,0,371.5,3441.7,0,0,0
2026-04-15,247,Belchicken Astridplein,0,847.6,2493.5,324.1,0,721.8,2943.4,0,0,0
2026-04-16,247,Belchicken Astridplein,0,848.7,2037.1,274.3,0,332.1,2828,0,0,0
2026-04-17,247,Belchicken Astridplein,0,818.9,2725.9,337.7,0,379.5,3503,0,0,0
2026-04-18,247,Belchicken Astridplein,0,1145.8,2334.4,295.2,0,438.4,3337,0,0,0
2026-04-19,247,Belchicken Astridplein,0,747.9,2570.8,327,0,486,3159.7,0,0,0
2026-04-20,247,Belchicken Astridplein,0,644.6,1648.1,187.2,0,378.3,2101.6,0,0,0
2026-04-21,247,Belchicken Astridplein,0,554.6,1140,132.4,0,270.4,1556.6,0,0,0
2026-04-22,247,Belchicken Astridplein,0,667,1672.8,176.5,0,308.1,2208.2,0,0,0
2026-04-23,247,Belchicken Astridplein,0,878.8,1257.98,152.7,0,192.3,2097.18,0,0,0
2026-04-24,247,Belchicken Astridplein,0,946.7,2417.68,256.3,0,1392.88,2227.8,0,0,0
2026-04-25,247,Belchicken Astridplein,0,1242.8,3665.1,445.5,22.6,425.6,4905.2,0,0,0
2026-04-26,247,Belchicken Astridplein,0,918.8,2768.9,369,0,809.2,3247.5,0,0,0
2026-04-27,247,Belchicken Astridplein,0,979.9,2008,213.7,0,295.5,2906.1,0,0,0
2026-04-28,247,Belchicken Astridplein,0,899.8,1519.1,197.1,0,327.2,2288.8,0,0,0
2026-04-29,247,Belchicken Astridplein,0,1007.2,1654.8,207.2,0,298.3,2570.9,0,0,0
2026-04-30,247,Belchicken Astridplein,0,1250.1,2018.5,238.6,0,323.3,3183.9,0,0,0
2026-04-01,261,Belchicken Ath,0,505.4,507.5,41.4,0,225.1,829.2,0,0,0
2026-04-02,261,Belchicken Ath,0,359.3,621.7,43.5,0,155.1,869.4,0,0,0
2026-04-03,261,Belchicken Ath,0,386.43,868.6,69.6,0,239.83,1084.8,0,0,0
2026-04-04,261,Belchicken Ath,0,303,704.5,50.75,0,108.15,950.1,0,0,0
2026-04-05,261,Belchicken Ath,0,379,399.9,36,0,164,650.9,0,0,0
2026-04-06,261,Belchicken Ath,0,420.8,153.7,14,0,67.2,521.3,0,0,0
2026-04-07,261,Belchicken Ath,0,604.6,435.9,44,0,221.8,862.7,0,0,0
2026-04-08,261,Belchicken Ath,0,690.65,892.7,59.7,0,249.3,1393.75,0,0,0
2026-04-09,261,Belchicken Ath,0,530.3,556.8,46.2,0,155.1,978.2,0,0,0
2026-04-10,261,Belchicken Ath,0,1177.86,1992.6,149.5,0,441.76,2878.2,0,0,0
2026-04-11,261,Belchicken Ath,0,459.71,631.5,60,0,126.1,1025.11,0,0,0
2026-04-12,261,Belchicken Ath,0,533.4,473,38,0,156,888.4,0,0,0
2026-04-13,261,Belchicken Ath,0,487,568.4,27,0,220.4,862,0,0,0
2026-04-14,261,Belchicken Ath,0,239,400.6,24.5,0,82.6,581.5,0,0,0
2026-04-15,261,Belchicken Ath,0,628.3,815.6,72.4,0,239.1,1277.2,0,0,0
2026-04-16,261,Belchicken Ath,0,416.9,225.2,16.4,0,199.7,458.8,0,0,0
2026-04-17,261,Belchicken Ath,0,989.55,878.42,75.3,0,120.65,1822.62,0,0,0
2026-04-18,261,Belchicken Ath,0,680.2,624.9,45,0,177.9,1172.2,0,0,0
2026-04-19,261,Belchicken Ath,0,387.72,282.5,31.65,0,111.95,589.92,0,0,0
2026-04-20,261,Belchicken Ath,0,352.77,331.62,31.7,0,162.69,553.4,0,0,0
2026-04-21,261,Belchicken Ath,0,306.2,474.1,37.3,0,145.8,671.8,0,0,0
2026-04-22,261,Belchicken Ath,0,355.29,643.9,56,0,125.8,929.39,0,0,0
2026-04-23,261,Belchicken Ath,0,251.6,293.7,20.4,0,176,389.7,0,0,0
2026-04-24,261,Belchicken Ath,0,595.9,798.7,87.5,0,165.6,1316.5,0,0,0
2026-04-25,261,Belchicken Ath,0,418.9,579,65.4,0,231.6,831.7,0,0,0
2026-04-26,261,Belchicken Ath,0,340.5,434.7,53.4,0,203.8,624.8,0,0,0
2026-04-27,261,Belchicken Ath,0,100.3,317.2,27.5,0,84.4,360.6,0,0,0
2026-04-28,261,Belchicken Ath,0,310.9,391.6,30,0,70.4,662.1,0,0,0
2026-04-29,261,Belchicken Ath,0,555.7,489.9,35,0,12.5,1068.1,0,0,0
2026-04-30,261,Belchicken Ath,0,395.5,486.9,61.7,0,134.3,809.8,0,0,0
2026-04-01,219,Belchicken Basilix Shopping,0,731.04,1470.5,150.1,0,234.3,2117.34,0,0,0
2026-04-02,219,Belchicken Basilix Shopping,0,338.6,1150,154,0,157.4,1468.5,0,16.7,0
2026-04-03,219,Belchicken Basilix Shopping,0,726.51,1458.12,170.7,0,236.6,2118.73,0,0,0
2026-04-04,219,Belchicken Basilix Shopping,0,780.11,2245.98,239.5,0,304.1,2961.49,0,0,0
2026-04-07,219,Belchicken Basilix Shopping,0,462.44,1358.71,149.3,0,245.4,1725.05,0,0,0
2026-04-08,219,Belchicken Basilix Shopping,0,586.37,1174.6,139.7,0,334.27,1566.4,0,0,0
2026-04-09,219,Belchicken Basilix Shopping,0,407.1,1587.61,164.25,0,474.4,1684.56,0,0,0
2026-04-10,219,Belchicken Basilix Shopping,0,642.44,1146.92,122.37,0,429.4,1369.23,0,113.1,0
2026-04-11,219,Belchicken Basilix Shopping,0,661.21,1993.8,220.5,0,409,2466.51,0,0,0
2026-04-13,219,Belchicken Basilix Shopping,0,426.63,1195.86,124.4,0,214.3,1480.39,0,52.2,0
2026-04-14,219,Belchicken Basilix Shopping,0,264.94,990.9,92.6,0,207.38,1141.06,0,0,0
2026-04-15,219,Belchicken Basilix Shopping,0,543.01,1540.55,165.69,0,524.2,1725.05,0,0,0
2026-04-16,219,Belchicken Basilix Shopping,0,337.3,1007.44,97.37,0,174.3,1267.81,0,0,0
2026-04-17,219,Belchicken Basilix Shopping,0,579.36,1250.2,133.51,0,265.67,1697.4,0,0,0
2026-04-18,219,Belchicken Basilix Shopping,0,726.2,2034.93,243.2,27.8,304.3,2583.83,0,88.4,0
2026-04-20,219,Belchicken Basilix Shopping,0,497.32,1290.3,105,0,572,1320.62,0,0,0
2026-04-21,219,Belchicken Basilix Shopping,0,437.18,894.2,105.96,0,165.3,1272.04,0,0,0
2026-04-22,219,Belchicken Basilix Shopping,0,552.37,1216.66,136.5,0,340.61,1564.92,0,0,0
2026-04-23,219,Belchicken Basilix Shopping,0,290.62,978.11,95.7,0,84.47,1279.96,0,0,0
2026-04-24,219,Belchicken Basilix Shopping,0,451.61,1370.21,142.55,0,507.2,1457.17,0,0,0
2026-04-25,219,Belchicken Basilix Shopping,0,550.3,2131.46,216.55,15.3,812.8,2003.81,0,66.4,0
2026-04-27,219,Belchicken Basilix Shopping,0,253.66,832.6,71.7,0,41.6,1116.36,0,0,0
2026-04-28,219,Belchicken Basilix Shopping,0,614.44,1252.01,141.58,0,449.7,1558.33,0,0,0
2026-04-29,219,Belchicken Basilix Shopping,0,632.77,1642.61,165.87,0,677.77,1763.48,0,0,0
2026-04-30,219,Belchicken Basilix Shopping,0,397.64,928.11,93.2,0,0,1418.95,0,0,0
2026-04-01,221,Belchicken Brugge,0,677.6,1411.2,117.5,0,135.2,2071.1,0,0,0
2026-04-02,221,Belchicken Brugge,0,485,1360.9,128.7,0,106.2,1868.4,0,0,0
2026-04-03,221,Belchicken Brugge,0,718.34,1893.2,160.2,0,205.8,2461,56.5,48.44,0
2026-04-04,221,Belchicken Brugge,0,740.1,2395.34,252.7,0,85.7,3302.44,0,0,0
2026-04-05,221,Belchicken Brugge,0,347.7,1188,109.9,0,28.2,1617.4,0,0,0
2026-04-06,221,Belchicken Brugge,0,574,1437,127.7,0,131.3,2007.4,0,0,0
2026-04-07,221,Belchicken Brugge,0,405.4,933.8,96,0,40.6,1394.6,0,0,0
2026-04-08,221,Belchicken Brugge,0,670.7,876.3,87.4,0,237.4,1397,0,0,0
2026-04-09,221,Belchicken Brugge,0,506.3,755.5,80,0,34,1307.8,0,0,0
2026-04-10,221,Belchicken Brugge,0,747.49,752.4,83.2,0,7.4,1450.9,78.8,45.99,0
2026-04-11,221,Belchicken Brugge,0,436.7,1601.4,155.5,0,4.9,2188.7,0,0,0
2026-04-12,221,Belchicken Brugge,0,710.81,1054.7,78,0,36.3,1807.21,0,0,0
2026-04-13,221,Belchicken Brugge,0,375.4,788.6,74.5,0,42.3,1196.2,0,0,0
2026-04-14,221,Belchicken Brugge,0,380.4,735.9,68.5,0,81,1103.8,0,0,0
2026-04-15,221,Belchicken Brugge,0,294.5,772.8,65.9,0,37.2,1096,0,0,0
2026-04-16,221,Belchicken Brugge,0,698.88,697.9,60,0,168.5,1214.9,39.3,34.08,0
2026-04-17,221,Belchicken Brugge,0,805.68,640.5,63.5,10.9,122.2,1050.7,234.95,90.93,0
2026-04-18,221,Belchicken Brugge,0,773.06,729.1,89.7,0,129.6,1319.6,39.8,102.86,0
2026-04-19,221,Belchicken Brugge,0,312.3,889.9,81.5,0,43.1,1240.6,0,0,0
2026-04-20,221,Belchicken Brugge,0,565.6,1104.1,87,0,72.8,1526.4,122.5,35,0
2026-04-21,221,Belchicken Brugge,0,299.6,980.6,72,0,144.3,1207.9,0,0,0
2026-04-22,221,Belchicken Brugge,0,464,1195.2,85,0,47.6,1696.6,0,0,0
2026-04-23,221,Belchicken Brugge,0,449.1,722.6,59.7,0,65.7,1165.7,0,0,0
2026-04-24,221,Belchicken Brugge,0,578.1,1114.1,93.4,0,56.1,1729.5,0,0,0
2026-04-25,221,Belchicken Brugge,0,612.7,1369.5,144.6,0,50.5,2076.3,0,0,0
2026-04-26,221,Belchicken Brugge,0,633.1,888.2,81,0,19.8,1582.5,0,0,0
2026-04-27,221,Belchicken Brugge,0,469.97,981.2,83,0,73.7,1366,63.6,30.87,0
2026-04-28,221,Belchicken Brugge,0,182.6,863.1,80.4,0,1,1125.1,0,0,0
2026-04-29,221,Belchicken Brugge,0,689.51,1011.5,89.2,18.6,20.8,1514.4,125.85,110.56,0
2026-04-30,221,Belchicken Brugge,0,545.27,1008.3,96.5,0,17.8,1464.7,70.1,97.47,0
2026-04-01,236,Belchicken Brugge Zuidzandstraat,0,424.8,1084.3,113.7,0,0,1622.8,0,0,0
2026-04-02,236,Belchicken Brugge Zuidzandstraat,0,483.6,1553.1,129.5,0,25.2,2141,0,0,0
2026-04-03,236,Belchicken Brugge Zuidzandstraat,0,349,1642.2,122.4,0,30.8,2082.8,0,0,0
2026-04-04,236,Belchicken Brugge Zuidzandstraat,0,398.2,2246.8,205.1,0,70.2,2779.9,0,0,0
2026-04-05,236,Belchicken Brugge Zuidzandstraat,0,146,881.6,67.5,0,24.8,1070.3,0,0,0
2026-04-06,236,Belchicken Brugge Zuidzandstraat,0,267.9,1248.7,113,0,20.9,1608.7,0,0,0
2026-04-07,236,Belchicken Brugge Zuidzandstraat,0,303.4,977.4,72,0,57.8,1295,0,0,0
2026-04-08,236,Belchicken Brugge Zuidzandstraat,0,209.7,1280.4,104.9,0,0,1595,0,0,0
2026-04-09,236,Belchicken Brugge Zuidzandstraat,0,252.5,1088.1,112.1,0,0,1452.7,0,0,0
2026-04-10,236,Belchicken Brugge Zuidzandstraat,0,194.2,982,84,0,105.8,1154.4,0,0,0
2026-04-11,236,Belchicken Brugge Zuidzandstraat,0,213.5,1148.2,99.5,0,0,1461.2,0,0,0
2026-04-12,236,Belchicken Brugge Zuidzandstraat,0,182.5,836.8,67.5,0,17.4,1069.4,0,0,0
2026-04-13,236,Belchicken Brugge Zuidzandstraat,0,210,976.3,100.2,0,10.4,1276.1,0,0,0
2026-04-14,236,Belchicken Brugge Zuidzandstraat,0,204.9,758.3,67.5,0,0,1030.7,0,0,0
2026-04-15,236,Belchicken Brugge Zuidzandstraat,0,102.6,1020.2,89.7,0,0,1212.5,0,0,0
2026-04-16,236,Belchicken Brugge Zuidzandstraat,0,205,1016.5,91.4,0,92.8,1220.1,0,0,0
2026-04-17,236,Belchicken Brugge Zuidzandstraat,0,187.1,1080.3,102,0,38.1,1331.3,0,0,0
2026-04-18,236,Belchicken Brugge Zuidzandstraat,0,208.6,1217,106.5,0,0,1532.1,0,0,0
2026-04-19,236,Belchicken Brugge Zuidzandstraat,0,201.1,634.5,53,0,0,888.6,0,0,0
2026-04-20,236,Belchicken Brugge Zuidzandstraat,0,194.6,568.8,54.7,0,13.9,804.2,0,0,0
2026-04-21,236,Belchicken Brugge Zuidzandstraat,0,238.9,750.4,76.5,0,0,1065.8,0,0,0
2026-04-22,236,Belchicken Brugge Zuidzandstraat,0,449.3,751.6,66.5,0,0,1267.4,0,0,0
2026-04-23,236,Belchicken Brugge Zuidzandstraat,0,222.1,847.1,68,0,55.1,1082.1,0,0,0
2026-04-24,236,Belchicken Brugge Zuidzandstraat,0,360.2,1139.6,97.9,0,13.8,1583.9,0,0,0
2026-04-25,236,Belchicken Brugge Zuidzandstraat,0,186.3,1747,154.2,0,85.1,2002.4,0,0,0
2026-04-26,236,Belchicken Brugge Zuidzandstraat,0,263.9,1105.9,87.5,0,0,1457.3,0,0,0
2026-04-27,236,Belchicken Brugge Zuidzandstraat,0,193.1,712.6,57.5,0,79.4,883.8,0,0,0
2026-04-28,236,Belchicken Brugge Zuidzandstraat,0,225.5,856.3,66.5,0,0,1148.3,0,0,0
2026-04-29,236,Belchicken Brugge Zuidzandstraat,0,174.8,774.3,64,0,0,1013.1,0,0,0
2026-04-30,236,Belchicken Brugge Zuidzandstraat,0,414.7,768.1,67.5,0,0,1250.3,0,0,0
2026-04-01,222,Belchicken City2 Shopping Center,0,1925.81,0,0,0,55,1791.41,0,64.9,14.5
2026-04-02,222,Belchicken City2 Shopping Center,0,1725.3,0,0,0,112.3,1595.7,0,17.3,0
2026-04-03,222,Belchicken City2 Shopping Center,0,2419.15,0,0,0,47,2163.5,0,120.45,88.2
2026-04-04,222,Belchicken City2 Shopping Center,0,3808.89,0,0,0,275.8,3447.39,0,85.7,0
2026-04-05,222,Belchicken City2 Shopping Center,0,32.2,0,0,0,0,0,0,0,32.2
2026-04-06,222,Belchicken City2 Shopping Center,0,136,0,0,0,0,0,0,0,136
2026-04-07,222,Belchicken City2 Shopping Center,0,2235.3,0,0,0,78.6,2118.1,0,38.6,0
2026-04-08,222,Belchicken City2 Shopping Center,0,1775.1,0,0,0,59.4,1617.1,0,58.5,40.1
2026-04-09,222,Belchicken City2 Shopping Center,0,1644,0,0,0,95.1,1548.9,0,0,0
2026-04-10,222,Belchicken City2 Shopping Center,0,1745.2,0,0,0,81.1,1636.4,0,27.7,0
2026-04-11,222,Belchicken City2 Shopping Center,0,3395.38,0,0,0,356.36,2890.52,0,148.5,0
2026-04-13,222,Belchicken City2 Shopping Center,0,1676.83,0,0,11.9,126.4,1501.43,0,37.1,0
2026-04-14,222,Belchicken City2 Shopping Center,0,1924.85,0,0,0,47.15,1832.1,0,45.6,0
2026-04-15,222,Belchicken City2 Shopping Center,0,1993.06,0,0,0,137.8,1822.26,0,15.3,17.7
2026-04-16,222,Belchicken City2 Shopping Center,0,1928.86,0,0,0,162.5,1662.31,0,59.5,44.55
2026-04-17,222,Belchicken City2 Shopping Center,0,1901.5,0,0,0,103.7,1746.8,0,51,0
2026-04-18,222,Belchicken City2 Shopping Center,0,2916.4,0,0,40.7,348.7,2510.1,0,0,16.9
2026-04-19,222,Belchicken City2 Shopping Center,0,47.8,0,0,0,0,0,0,0,47.8
2026-04-20,222,Belchicken City2 Shopping Center,0,1034.1,0,0,0,109,909.5,0,0,15.6
2026-04-21,222,Belchicken City2 Shopping Center,0,1419.2,0,0,0,89.3,1285.6,0,15.3,29
2026-04-22,222,Belchicken City2 Shopping Center,0,1608.07,0,0,0,102.2,1488.97,0,0,16.9
2026-04-23,222,Belchicken City2 Shopping Center,0,1221.4,0,0,0,104,1117.4,0,0,0
2026-04-24,222,Belchicken City2 Shopping Center,0,1185.4,67.1,4,0,104.9,1136.3,0,0,15.3
2026-04-25,222,Belchicken City2 Shopping Center,0,2595.1,0,0,0,380.87,2118.43,0,49.1,46.7
2026-04-27,222,Belchicken City2 Shopping Center,0,1641.6,57,5,0,248.1,1386.6,0,68.9,0
2026-04-28,222,Belchicken City2 Shopping Center,0,1793.9,81.6,11,0,114,1725.5,0,32.6,14.4
2026-04-29,222,Belchicken City2 Shopping Center,0,1582.3,30.2,3,0,129.8,1431.4,0,54.3,0
2026-04-30,222,Belchicken City2 Shopping Center,0,1774.71,26.9,2,0,109.1,1669.11,0,25.4,0
2026-04-01,226,Belchicken Diest,0,365.21,231.1,24,0,14.9,605.41,0,0,0
2026-04-02,226,Belchicken Diest,0,382.3,330.8,36.4,0,105.7,643.8,0,0,0
2026-04-03,226,Belchicken Diest,0,361.87,315.6,26.5,0,0,703.97,0,0,0
2026-04-04,226,Belchicken Diest,0,447.3,275.4,36.8,0,43.3,716.2,0,0,0
2026-04-05,226,Belchicken Diest,0,242.22,108.1,7,0,10,347.32,0,0,0
2026-04-06,226,Belchicken Diest,0,223.3,154.9,11.5,0,0,389.7,0,0,0
2026-04-07,226,Belchicken Diest,0,310.11,364.5,28,0,24,678.61,0,0,0
2026-04-08,226,Belchicken Diest,0,220.4,324.3,40.5,0,36.1,549.1,0,0,0
2026-04-09,226,Belchicken Diest,0,338.8,463.9,35,0,90.8,746.9,0,0,0
2026-04-10,226,Belchicken Diest,0,290.31,122.4,4,0,45.2,371.51,0,0,0
2026-04-11,226,Belchicken Diest,0,416.09,232.6,17.5,0,0,666.19,0,0,0
2026-04-12,226,Belchicken Diest,0,250.51,6,0,0,0,256.51,0,0,0
2026-04-13,226,Belchicken Diest,0,180.2,212.6,20.2,0,145.7,267.3,0,0,0
2026-04-14,226,Belchicken Diest,0,366.5,309.6,29,0,65.3,639.8,0,0,0
2026-04-15,226,Belchicken Diest,0,367.58,300.6,30.3,0,96.1,602.38,0,0,0
2026-04-16,226,Belchicken Diest,0,150.4,358.2,34,0,130.3,412.3,0,0,0
2026-04-17,226,Belchicken Diest,0,314.1,291.7,28.5,0,126.4,507.9,0,0,0
2026-04-18,226,Belchicken Diest,0,363.8,243.3,18,0,52.5,572.6,0,0,0
2026-04-19,226,Belchicken Diest,0,178.5,52,4.2,0,0,234.7,0,0,0
2026-04-20,226,Belchicken Diest,0,212.16,147.2,13.5,0,0,372.86,0,0,0
2026-04-21,226,Belchicken Diest,0,314.2,120.1,8.5,0,19.8,423,0,0,0
2026-04-22,226,Belchicken Diest,0,294.3,379.7,34.2,0,166.8,541.4,0,0,0
2026-04-23,226,Belchicken Diest,0,244.8,131,9,0,36.3,348.5,0,0,0
2026-04-24,226,Belchicken Diest,0,331.11,180.1,20.4,0,14.8,516.81,0,0,0
2026-04-25,226,Belchicken Diest,0,283.7,228.2,14.5,0,26.7,499.7,0,0,0
2026-04-26,226,Belchicken Diest,0,228.3,150.6,9,0,0,387.9,0,0,0
2026-04-27,226,Belchicken Diest,0,144.5,124.1,6,0,0,274.6,0,0,0
2026-04-28,226,Belchicken Diest,0,502.7,259.6,31.4,0,0,793.7,0,0,0
2026-04-29,226,Belchicken Diest,0,144.3,368.7,27.8,0,88.4,452.4,0,0,0
2026-04-30,226,Belchicken Diest,0,330.2,324.2,27,0,103.1,578.3,0,0,0
2026-04-01,227,Belchicken Docks,0,1642.4,2114.8,213.2,0,617,3324.3,0,29.1,0
2026-04-02,227,Belchicken Docks,0,1046.69,1213,110.6,0,298.81,1916.78,0,98.7,56
2026-04-03,227,Belchicken Docks,0,1862.97,1974,195.5,20.9,571.52,3348.4,0,48.5,43.15
2026-04-04,227,Belchicken Docks,0,2204.82,5166.9,530.9,0,888.58,6991.94,0,22.1,0
2026-04-05,227,Belchicken Docks,0,1007.04,1026.8,109.8,0,211.3,1791.34,0,128,13
2026-04-06,227,Belchicken Docks,0,1110.72,1246.4,177.9,0,341.9,2167.02,0,14.2,11.9
2026-04-07,227,Belchicken Docks,0,1358.98,2192,224.9,0,512.01,3185.57,0,78.3,0
2026-04-08,227,Belchicken Docks,0,1910.03,2705.52,340.36,0,920.01,4035.9,0,0,0
2026-04-09,227,Belchicken Docks,0,644.51,1959.6,209.1,0,414.61,2321.7,0,30.8,46.1
2026-04-10,227,Belchicken Docks,0,1282.89,1789,150.9,0,370.51,2705.73,0,18.5,128.05
2026-04-11,227,Belchicken Docks,0,1893.51,4408.6,470.2,0,581.91,6159.6,0,0,30.8
2026-04-12,227,Belchicken Docks,0,635.7,902.6,101.8,0,219.8,1269.9,0,78.2,72.2
2026-04-13,227,Belchicken Docks,0,1136.54,1291,109.7,29.7,421.05,1994.04,0,38.55,53.9
2026-04-14,227,Belchicken Docks,0,1072.9,913,81.8,0,456.81,1574.79,0,36.1,0
2026-04-15,227,Belchicken Docks,0,1820.91,1695.6,191.4,0,649.52,2958.59,0,34.3,65.5
2026-04-16,227,Belchicken Docks,0,567.62,2063.7,208.8,0,356.81,2439.81,0,16.5,27
2026-04-17,227,Belchicken Docks,0,1663.14,1745.4,177.6,0,568.28,2908.36,0,79.1,30.4
2026-04-18,227,Belchicken Docks,0,2320.56,3787.2,433.4,0,732.3,5717.96,0,90.9,0
2026-04-19,227,Belchicken Docks,0,1154.7,878.1,79.3,0,463,1573.6,0,40.3,35.2
2026-04-20,227,Belchicken Docks,0,832.55,759.6,63.5,0,291.62,1270.23,0,30.9,62.9
2026-04-21,227,Belchicken Docks,0,649.21,989.1,92,0,241.5,1442.86,0,22.85,23.1
2026-04-22,227,Belchicken Docks,0,1787.86,1765.2,177.9,0,842.67,2780.09,0,27.9,80.3
2026-04-23,227,Belchicken Docks,0,1202.75,1272.4,160.3,0,219.12,2303.08,0,56.6,56.65
2026-04-24,227,Belchicken Docks,0,1019.84,1260.6,130.6,0,386.11,2024.93,0,0,0
2026-04-25,227,Belchicken Docks,0,3015.16,3290.7,347.6,0,1271.51,5337.65,0,0,44.3
2026-04-26,227,Belchicken Docks,0,893.57,991.7,104.6,0,393.16,1494.81,0,58.3,43.6
2026-04-27,227,Belchicken Docks,0,1358.2,1254.1,119.5,0,673.3,1962.9,0,82.2,13.4
2026-04-28,227,Belchicken Docks,0,1486.73,1599.7,163.8,0,437.01,2710.72,0,55.1,47.4
2026-04-29,227,Belchicken Docks,0,1464.12,2798.31,300.3,0,728.6,3741.23,0,24.4,68.5
2026-04-30,227,Belchicken Docks,0,1695.33,2091.7,232.8,14.9,409.2,3523.73,0,48.1,23.9
2026-04-01,228,Belchicken Etterbeek,0,1451.8,1457,100,0,269.7,2590,0,98.4,0
2026-04-02,228,Belchicken Etterbeek,0,1320.8,1422.8,108,0,134.3,2611,0,117.2,0
2026-04-03,228,Belchicken Etterbeek,0,1083.1,1147.6,88.5,0,84.6,2224.7,0,65.8,0
2026-04-04,228,Belchicken Etterbeek,0,726.7,826.8,79,12.9,84,1471.7,0,24.8,0
2026-04-05,228,Belchicken Etterbeek,0,827.5,527.3,35.7,0,69,1144.6,0,149.2,0
2026-04-06,228,Belchicken Etterbeek,0,776.4,756.2,45.4,0,114.4,1421.1,0,42.5,0
2026-04-07,228,Belchicken Etterbeek,0,814.1,666.8,53.7,0,186.1,1348.5,0,0,0
2026-04-08,228,Belchicken Etterbeek,0,1011.6,595.2,48.2,0,91.8,1402.7,0,160.5,0
2026-04-09,228,Belchicken Etterbeek,0,1161.2,793.4,72.9,0,303.3,1641.6,0,82.6,0
2026-04-10,228,Belchicken Etterbeek,0,1231,856.4,67.3,0,394.2,1660.7,0,99.8,0
2026-04-11,228,Belchicken Etterbeek,0,670.9,591.2,39.8,0,129.6,1059.9,0,137.3,0
2026-04-12,228,Belchicken Etterbeek,0,774.45,650.8,49.7,0,18,1326.3,0,105.75,0
2026-04-13,228,Belchicken Etterbeek,0,793.6,580.3,41.9,16.3,32.8,1356.6,0,22,0
2026-04-14,228,Belchicken Etterbeek,0,910.4,535.9,37,0,150,1226.3,0,103,0
2026-04-15,228,Belchicken Etterbeek,0,869.3,570.7,29.5,0,119.6,1373.9,0,0,0
2026-04-16,228,Belchicken Etterbeek,0,1146.9,962.9,64,13.9,220.7,1955.8,0,0,0
2026-04-17,228,Belchicken Etterbeek,0,1190.2,714,60.7,0,172.6,1751.7,0,0,0
2026-04-18,228,Belchicken Etterbeek,0,1343.2,1386.7,101.9,0,135.2,2620.8,0,80.8,0
2026-04-19,228,Belchicken Etterbeek,0,513.4,631.3,40.5,0,133.9,1084.3,0,0,0
2026-04-20,228,Belchicken Etterbeek,0,992.8,880.9,62.5,0,128.5,1788,0,0,0
2026-04-21,228,Belchicken Etterbeek,0,982.6,856.4,57.4,0,89.5,1780.7,0,0,0
2026-04-22,228,Belchicken Etterbeek,0,1168.7,767.8,50.4,0,170.6,1820.9,0,0,0
2026-04-23,228,Belchicken Etterbeek,0,1351.2,900.2,55,0,138.4,2163.4,0,0,0
2026-04-24,228,Belchicken Etterbeek,0,1111.8,1259.6,83.4,0,298.5,2156.3,0,0,0
2026-04-25,228,Belchicken Etterbeek,0,1113.2,761.2,47.5,23.5,228.9,1692.4,0,0,0
2026-04-26,228,Belchicken Etterbeek,0,863,852.5,61,0,240.5,1524,0,0,0
2026-04-27,228,Belchicken Etterbeek,0,757.5,974.4,83.1,6.4,136.2,1661.5,0,0,0
2026-04-28,228,Belchicken Etterbeek,0,1461.65,1267.6,100.6,33.7,179.6,2607.3,0,35.05,0
2026-04-29,228,Belchicken Etterbeek,0,1243.8,1071,104.3,24.3,262.9,2197.8,0,0,0
2026-04-30,228,Belchicken Etterbeek,0,1450.7,967.3,82.7,61.5,36.1,2333.6,0,0,0
2026-04-01,229,Belchicken Geraardsbergen,0,406.4,648.5,44.9,0,65.9,1033.9,0,0,0
2026-04-02,229,Belchicken Geraardsbergen,0,645.7,808.5,85.7,0,48.4,1491.5,0,0,0
2026-04-03,229,Belchicken Geraardsbergen,0,581.52,894.8,75.8,0,43.3,1508.82,0,0,0
2026-04-04,229,Belchicken Geraardsbergen,0,440.49,671.6,64.3,0,33.6,1142.79,0,0,0
2026-04-05,229,Belchicken Geraardsbergen,0,376.5,486.8,50.8,32.9,107.6,773.6,0,0,0
2026-04-06,229,Belchicken Geraardsbergen,0,374.5,563.4,52.6,0,23,967.5,0,0,0
2026-04-07,229,Belchicken Geraardsbergen,0,418.8,579,63,0,17.7,1043.1,0,0,0
2026-04-08,229,Belchicken Geraardsbergen,0,528.41,397.3,41.4,80.45,48.6,838.06,0,0,0
2026-04-09,229,Belchicken Geraardsbergen,0,332,360.5,43,0,13.9,721.6,0,0,0
2026-04-10,229,Belchicken Geraardsbergen,0,635.65,571.7,61,40.15,9.9,1218.3,0,0,0
2026-04-11,229,Belchicken Geraardsbergen,0,380.5,362.2,51.5,0,11.8,782.4,0,0,0
2026-04-12,229,Belchicken Geraardsbergen,0,496.5,449.3,40.4,14.7,19.7,951.8,0,0,0
2026-04-13,229,Belchicken Geraardsbergen,0,402.9,458.5,44.1,0,16.8,888.7,0,0,0
2026-04-14,229,Belchicken Geraardsbergen,0,413.7,579,73.7,36.9,22,1007.5,0,0,0
2026-04-15,229,Belchicken Geraardsbergen,0,349.34,341.5,39.4,43.4,34.7,652.14,0,0,0
2026-04-16,229,Belchicken Geraardsbergen,0,205.11,222.9,21.4,0,15.8,433.61,0,0,0
2026-04-17,229,Belchicken Geraardsbergen,0,281.1,456.7,36.2,14.2,4.6,755.2,0,0,0
2026-04-18,229,Belchicken Geraardsbergen,0,268.6,422.1,32.7,42.5,26.6,654.3,0,0,0
2026-04-19,229,Belchicken Geraardsbergen,0,307.7,317.9,31.7,0,0,657.3,0,0,0
2026-04-20,229,Belchicken Geraardsbergen,0,356.04,248.8,21.9,0,24.5,602.24,0,0,0
2026-04-21,229,Belchicken Geraardsbergen,0,333,267.3,23.4,96,17.8,509.9,0,0,0
2026-04-22,229,Belchicken Geraardsbergen,0,490.5,507.9,54.4,0,15.8,1037,0,0,0
2026-04-23,229,Belchicken Geraardsbergen,0,356.1,185.7,31.6,0,1,572.4,0,0,0
2026-04-24,229,Belchicken Geraardsbergen,0,477.81,740.4,78.4,0,21.6,1275.01,0,0,0
2026-04-25,229,Belchicken Geraardsbergen,0,564,576,62.9,70.1,40.5,1092.3,0,0,0
2026-04-26,229,Belchicken Geraardsbergen,0,209.4,392.4,24,17.2,14.7,593.9,0,0,0
2026-04-27,229,Belchicken Geraardsbergen,0,214.6,180,13.5,0,5.9,402.2,0,0,0
2026-04-28,229,Belchicken Geraardsbergen,0,481.8,222.7,43.4,85.5,0,662.4,0,0,0
2026-04-29,229,Belchicken Geraardsbergen,0,431.8,437.1,37.4,0,3.5,902.8,0,0,0
2026-04-30,229,Belchicken Geraardsbergen,0,641.3,744.9,60.9,0,20.2,1426.9,0,0,0
2026-04-01,230,Belchicken Halle,0,772,795,74,0,343.9,1282.8,0,0,0
2026-04-02,230,Belchicken Halle,0,494.2,964.9,77.9,0,159.6,1377.4,0,0,0
2026-04-03,230,Belchicken Halle,0,625.5,812.5,71.5,0,147,1351.6,0,0,0
2026-04-04,230,Belchicken Halle,0,667.9,688.8,60,0,179.7,1237,0,0,0
2026-04-05,230,Belchicken Halle,0,469,381.6,54.5,0,69.3,835.8,0,0,0
2026-04-06,230,Belchicken Halle,0,366.1,926.5,88.8,0,103.9,1277.5,0,0,0
2026-04-07,230,Belchicken Halle,0,671.4,443,45.1,0,112.4,1047.1,0,0,0
2026-04-08,230,Belchicken Halle,0,535,577.5,58,0,193.8,976.7,0,0,0
2026-04-09,230,Belchicken Halle,0,528.2,536,54,0,70.4,1047.8,0,0,0
2026-04-10,230,Belchicken Halle,0,506.6,692.9,59.4,0,144.3,1114.6,0,0,0
2026-04-11,230,Belchicken Halle,0,443.1,559.4,50.4,0,79.1,973.8,0,0,0
2026-04-12,230,Belchicken Halle,0,450.5,319.9,23,0,45.1,748.3,0,0,0
2026-04-13,230,Belchicken Halle,0,517.3,452.6,32.7,0,164.9,837.7,0,0,0
2026-04-14,230,Belchicken Halle,0,657.3,417.5,37.7,0,95,1017.5,0,0,0
2026-04-15,230,Belchicken Halle,0,466.3,429.2,29.9,0,171,754.4,0,0,0
2026-04-16,230,Belchicken Halle,0,351.27,624.7,53,0,94.5,934.47,0,0,0
2026-04-17,230,Belchicken Halle,0,770.3,422.4,47.4,0,135.6,1104.5,0,0,0
2026-04-18,230,Belchicken Halle,0,569.4,665.5,73.1,0,140.4,1167.6,0,0,0
2026-04-19,230,Belchicken Halle,0,590.1,668.6,58.7,0,123.2,1194.2,0,0,0
2026-04-20,230,Belchicken Halle,0,324,418.1,27,0,162.7,606.4,0,0,0
2026-04-21,230,Belchicken Halle,0,465.4,447.1,31.4,0,38.7,905.2,0,0,0
2026-04-22,230,Belchicken Halle,0,694.5,647.3,67.5,0,206.9,1202.4,0,0,0
2026-04-23,230,Belchicken Halle,0,289.5,485.6,54.5,0,69.1,760.5,0,0,0
2026-04-24,230,Belchicken Halle,0,559.3,547.6,59.9,0,26.6,1135.2,0,0,0
2026-04-25,230,Belchicken Halle,0,763,1017.4,96.2,0,284.1,1592.5,0,0,0
2026-04-26,230,Belchicken Halle,0,574.3,486.4,31.5,0,248.3,843.9,0,0,0
2026-04-27,230,Belchicken Halle,0,298.7,586,44.2,0,102.3,826.6,0,0,0
2026-04-28,230,Belchicken Halle,0,441.3,472.9,31.5,0,31.6,847.6,0,0,0
2026-04-29,230,Belchicken Halle,0,663.3,923.4,80.9,0,340.9,1314.8,0,0,0
2026-04-30,230,Belchicken Halle,0,589.5,618.2,45,0,69.2,1183.5,0,0,0
2026-04-01,231,Belchicken Hasselt,0,988.12,943.1,91.8,0,274.5,1748.52,0,0,0
2026-04-02,231,Belchicken Hasselt,0,464.79,681.7,75.6,0,171.22,1050.87,0,0,0
2026-04-03,231,Belchicken Hasselt,0,383.2,1621,177.3,0,181.9,1999.6,0,0,0
2026-04-04,231,Belchicken Hasselt,0,395.9,1872,160.7,0,299.1,2129.5,0,0,0
2026-04-05,231,Belchicken Hasselt,0,504.7,456.7,49.1,0,203.5,807,0,0,0
2026-04-06,231,Belchicken Hasselt,0,764.4,818.5,114.2,0,355.1,1342,0,0,0
2026-04-07,231,Belchicken Hasselt,0,879.84,1850,188.7,0,499.9,2418.64,0,0,0
2026-04-08,231,Belchicken Hasselt,0,1266.59,1653.7,151,0,563.2,2508.09,0,0,0
2026-04-09,231,Belchicken Hasselt,0,562,1710.1,186.5,0,255.4,2203.2,0,0,0
2026-04-10,231,Belchicken Hasselt,0,273.6,1541.4,168,0,166.4,1816.6,0,0,0
2026-04-11,231,Belchicken Hasselt,0,221.49,1867.35,207.1,0,376.09,1919.85,0,0,0
2026-04-12,231,Belchicken Hasselt,0,473.23,696.3,54.9,0,201.7,1022.73,0,0,0
2026-04-13,231,Belchicken Hasselt,0,826.34,778.6,62.9,0,202,1465.84,0,0,0
2026-04-14,231,Belchicken Hasselt,0,774.24,1038.6,114.6,0,335.14,1592.3,0,0,0
2026-04-15,231,Belchicken Hasselt,0,900.8,720.8,65.5,0,373.5,1313.6,0,0,0
2026-04-16,231,Belchicken Hasselt,0,444.84,1369.16,161.12,0,394.46,1580.66,0,0,0
2026-04-17,231,Belchicken Hasselt,0,1222.6,1112.7,122.3,7,511.9,1938.7,0,0,0
2026-04-18,231,Belchicken Hasselt,0,636.29,1538.1,164.62,0,406.63,1932.38,0,0,0
2026-04-19,231,Belchicken Hasselt,0,369.1,481,71.1,0,149,772.2,0,0,0
2026-04-20,231,Belchicken Hasselt,0,164.9,602.2,67.4,0,128.1,706.4,0,0,0
2026-04-21,231,Belchicken Hasselt,0,284.9,710.6,85.1,0,201.9,878.7,0,0,0
2026-04-22,231,Belchicken Hasselt,0,400.96,906.3,75.7,0,315.36,1067.6,0,0,0
2026-04-23,231,Belchicken Hasselt,0,294.8,687.2,72.3,0,84.1,970.2,0,0,0
2026-04-24,231,Belchicken Hasselt,0,772.1,1095.4,115.27,0,288.77,1694,0,0,0
2026-04-25,231,Belchicken Hasselt,0,445.6,2147.9,195.6,0,346,2443.1,0,0,0
2026-04-26,231,Belchicken Hasselt,0,421,465.5,41.5,0,114.6,813.4,0,0,0
2026-04-27,231,Belchicken Hasselt,0,276.9,818.17,83.82,0,183.89,995,0,0,0
2026-04-28,231,Belchicken Hasselt,0,263.64,604.37,67.3,0,264.2,671.11,0,0,0
2026-04-29,231,Belchicken Hasselt,0,260.48,1338.54,109.4,0,277.18,1431.24,0,0,0
2026-04-30,231,Belchicken Hasselt,0,400.73,1520.9,123.3,0,428.03,1616.9,0,0,0
2026-04-01,232,Belchicken Heist,0,797.08,652.33,68.29,0,231.94,714.81,0,570.95,0
2026-04-02,232,Belchicken Heist,0,1005.65,487.4,39,0,236.2,575.2,0,720.65,0
2026-04-03,232,Belchicken Heist,0,1514.67,566.3,73.8,89.8,104.3,925.02,0,1035.65,0
2026-04-04,232,Belchicken Heist,0,1287.3,787.6,79.4,68.6,44.7,1244.7,0,796.3,0
2026-04-05,232,Belchicken Heist,0,1286.95,300.22,40.8,0,43.1,673.92,0,910.95,0
2026-04-06,232,Belchicken Heist,0,1006.39,540.87,72.95,89.2,233.28,504.98,0,792.75,0
2026-04-07,232,Belchicken Heist,0,840.4,768.86,94.87,0,260.7,964.43,0,479,0
2026-04-08,232,Belchicken Heist,0,676.01,799.1,81.6,27.4,188.11,993.7,0,347.5,0
2026-04-09,232,Belchicken Heist,0,813.05,678.8,63.9,0,87.8,861,0,606.95,0
2026-04-10,232,Belchicken Heist,0,1444.85,587.26,69.11,217.5,195.23,824.44,0,864.05,0
2026-04-11,232,Belchicken Heist,0,1638.39,592.3,55,113.3,17.4,759.84,0,1395.15,0
2026-04-12,232,Belchicken Heist,0,1208.1,445.2,44.3,0,147.5,555.5,0,994.6,0
2026-04-13,232,Belchicken Heist,0,878.65,589.9,54,0,183.3,617.3,0,721.95,0
2026-04-14,232,Belchicken Heist,0,790.3,635.06,52.75,0,152.51,969.6,0,356,0
2026-04-15,232,Belchicken Heist,0,897.75,487.9,73.5,160.25,65,725.1,0,508.8,0
2026-04-16,232,Belchicken Heist,0,1067.6,507.9,52,0,39.6,657.8,0,930.1,0
2026-04-17,232,Belchicken Heist,0,1279.31,514,57.3,191.5,74.85,708.86,0,875.4,0
2026-04-18,232,Belchicken Heist,0,1616.69,784,97.8,55.1,25.3,1101.14,0,1316.95,0
2026-04-19,232,Belchicken Heist,0,1284.24,281.2,36.2,39.3,108.7,536.34,0,917.3,0
2026-04-20,232,Belchicken Heist,0,527.3,209.7,26.5,20.9,44,247.6,0,451,0
2026-04-21,232,Belchicken Heist,0,722.5,218.9,16.5,0,52.5,328.4,0,577,0
2026-04-22,232,Belchicken Heist,0,1075.55,501.15,55.3,0,208.7,760.2,0,663.1,0
2026-04-23,232,Belchicken Heist,0,1065.52,285.7,34.5,69.3,76.66,528.86,0,710.9,0
2026-04-24,232,Belchicken Heist,0,944.5,621.8,53.9,100,202.4,664.5,0,653.3,0
2026-04-25,232,Belchicken Heist,0,1226.1,653.21,54.6,0,125.2,897.51,0,911.2,0
2026-04-26,232,Belchicken Heist,0,1032.9,425.4,31.7,26.2,200.1,462.4,0,801.3,0
2026-04-27,232,Belchicken Heist,0,725.03,202.18,14.7,35.9,16.53,349.48,0,540,0
2026-04-28,232,Belchicken Heist,0,1007,294.3,35.8,36,29,512.5,0,759.6,0
2026-04-29,232,Belchicken Heist,0,1091.1,540,81.4,21,58.3,774,0,859.2,0
2026-04-30,232,Belchicken Heist,0,1029.15,361.2,25,0,81.4,475,0,858.95,0
2026-04-01,233,Belchicken Hoboken,0,824.5,179.9,18.5,0,78.9,944,0,0,0
2026-04-02,233,Belchicken Hoboken,0,609.8,225.8,23.9,17.3,75.7,766.5,0,0,0
2026-04-03,233,Belchicken Hoboken,0,998,306.5,36.3,0,167.1,1173.7,0,0,0
2026-04-04,233,Belchicken Hoboken,0,585.8,258.6,26,0,42.4,828,0,0,0
2026-04-05,233,Belchicken Hoboken,0,403.3,104.6,12.4,18.8,96,405.5,0,0,0
2026-04-06,233,Belchicken Hoboken,0,665,490.2,45.4,0,101.1,1099.5,0,0,0
2026-04-07,233,Belchicken Hoboken,0,527.8,315.3,28,0,100.2,770.9,0,0,0
2026-04-08,233,Belchicken Hoboken,0,894.1,188.2,38.3,0,135.1,985.5,0,0,0
2026-04-09,233,Belchicken Hoboken,0,595.5,267.1,25,0,51.8,835.8,0,0,0
2026-04-10,233,Belchicken Hoboken,0,471.8,465.4,42.1,0,40.4,938.9,0,0,0
2026-04-11,233,Belchicken Hoboken,0,428.6,293.6,30.9,0,60.8,692.3,0,0,0
2026-04-12,233,Belchicken Hoboken,0,406.2,418.7,39,0,31.5,832.4,0,0,0
2026-04-13,233,Belchicken Hoboken,0,449.5,170.4,17.5,0,80.3,557.1,0,0,0
2026-04-14,233,Belchicken Hoboken,0,618.9,479.5,77.5,0,48,1127.9,0,0,0
2026-04-15,233,Belchicken Hoboken,0,529.2,103.4,14.5,0,135.4,511.7,0,0,0
2026-04-16,233,Belchicken Hoboken,0,390.9,230.2,18,0,60.4,578.7,0,0,0
2026-04-17,233,Belchicken Hoboken,0,732.3,604.9,48.5,0,66.7,1319,0,0,0
2026-04-18,233,Belchicken Hoboken,0,404,243.3,21,0,49,619.3,0,0,0
2026-04-19,233,Belchicken Hoboken,0,590.3,103.8,15.7,0,96.9,612.9,0,0,0
2026-04-20,233,Belchicken Hoboken,0,585.5,144.8,11.5,0,48.5,693.3,0,0,0
2026-04-21,233,Belchicken Hoboken,0,212.2,261.4,36.3,0,19.3,490.6,0,0,0
2026-04-22,233,Belchicken Hoboken,0,648,230.2,26.7,0,89.4,815.5,0,0,0
2026-04-23,233,Belchicken Hoboken,0,559.7,112.8,23.2,0,227.5,468.2,0,0,0
2026-04-24,233,Belchicken Hoboken,0,755.2,311.5,32.8,0,198.3,901.2,0,0,0
2026-04-25,233,Belchicken Hoboken,0,710.6,365.3,39,0,248.5,866.4,0,0,0
2026-04-26,233,Belchicken Hoboken,0,558.3,369.4,38.4,0,53.2,912.9,0,0,0
2026-04-27,233,Belchicken Hoboken,0,479.7,221.9,20.4,0,118,604,0,0,0
2026-04-28,233,Belchicken Hoboken,0,230.7,103,9,0,50.3,292.4,0,0,0
2026-04-29,233,Belchicken Hoboken,0,751.4,273.1,29.1,0,60.4,993.2,0,0,0
2026-04-30,233,Belchicken Hoboken,0,615.6,243.4,28.5,0,75.1,812.4,0,0,0
2026-04-01,258,Belchicken Houba,0,814.1,297.5,22.5,0,105.2,931.7,0,19.5,77.7
2026-04-02,258,Belchicken Houba,0,942.1,350.8,16.5,0,190.5,870.3,0,124.9,123.7
2026-04-03,258,Belchicken Houba,0,898.96,388.3,27,57,90.8,1006.71,0,52.6,107.15
2026-04-04,258,Belchicken Houba,0,820.5,642.8,40.5,0,188.7,1087.4,0,181.6,46.1
2026-04-05,258,Belchicken Houba,0,974.3,334,30,0,162.2,978.9,0,126.7,70.5
2026-04-06,258,Belchicken Houba,0,1037.56,680.3,68.6,0,300.8,1305.16,0,159.7,20.8
2026-04-07,258,Belchicken Houba,0,952.21,312.7,27,0,309,722.61,0,191.2,69.1
2026-04-08,258,Belchicken Houba,0,845.35,138,11,0,250.7,651.2,0,68.55,23.9
2026-04-09,258,Belchicken Houba,0,712.1,396.4,43.4,0,62.3,890.8,0,174.1,24.7
2026-04-10,258,Belchicken Houba,0,708.06,723.8,51,0,57.6,1255.31,0,104.75,65.2
2026-04-11,258,Belchicken Houba,0,941.22,279.5,28.4,28.3,380.6,665.12,0,148.8,26.3
2026-04-12,258,Belchicken Houba,0,775.5,272.5,25,0,244.1,655.5,0,155.1,18.3
2026-04-13,258,Belchicken Houba,0,532.24,447.2,38.1,0,235.3,691.44,0,90.8,0
2026-04-14,258,Belchicken Houba,0,721.8,344.7,31.2,0,135.5,880.9,0,81.3,0
2026-04-15,258,Belchicken Houba,0,826.39,354.5,35.3,0,194,759.59,0,225.1,37.5
2026-04-16,258,Belchicken Houba,0,512.5,238,18.5,0,169.9,567.2,0,31.9,0
2026-04-17,258,Belchicken Houba,0,739.8,423,33,0,64.8,977.6,0,120,33.4
2026-04-18,258,Belchicken Houba,0,823.15,426.5,35.5,0,145.1,894.2,0,220.15,25.7
2026-04-19,258,Belchicken Houba,0,516.81,343.5,33.9,0,0,709.61,0,138,46.6
2026-04-20,258,Belchicken Houba,0,841.9,312.5,21,0,252.9,828.1,0,56.1,38.3
2026-04-21,258,Belchicken Houba,0,661.95,228.6,20,19.9,210,584.3,0,30.8,65.55
2026-04-22,258,Belchicken Houba,0,743.8,127.5,12.4,0,221.7,530.8,0,131.2,0
2026-04-23,258,Belchicken Houba,0,830.8,249.4,21.1,0,153.5,759.2,0,97.5,91.1
2026-04-24,258,Belchicken Houba,0,736.15,360.6,33.7,0,40.7,912.2,0,122.25,55.3
2026-04-25,258,Belchicken Houba,0,882.4,291.4,23.2,32.8,296.6,731.8,0,115.4,20.4
2026-04-26,258,Belchicken Houba,0,792.95,608.1,57.9,0,106,1204.1,0,33.7,115.15
2026-04-27,258,Belchicken Houba,0,519.71,357,26,0,82,679.41,0,84.6,56.7
2026-04-28,258,Belchicken Houba,0,488.1,141.5,27.7,0,141.4,455.1,0,60.8,0
2026-04-29,258,Belchicken Houba,0,793.79,192.9,25.4,0,151,755.19,0,80.5,25.4
2026-04-30,258,Belchicken Houba,0,993.42,297.9,44.8,0,231.5,869.82,0,122.4,112.4
2026-04-01,234,Belchicken Ixelles,0,1531.22,1364.3,118.8,0,476.7,2537.62,0,0,0
2026-04-02,234,Belchicken Ixelles,0,1478.51,1598.9,136.9,0,340.6,2884.61,0,0,0
2026-04-03,234,Belchicken Ixelles,0,2451.5,1266.7,111.1,0,914.2,2933.9,0,0,0
2026-04-04,234,Belchicken Ixelles,0,3206.5,2477.3,228.5,0,1098.2,4784.4,0,0,0
2026-04-05,234,Belchicken Ixelles,0,997.4,510.5,57.4,0,345.7,1219.6,0,0,0
2026-04-06,234,Belchicken Ixelles,0,1195.9,587.1,57,0,444.5,1395.5,0,0,0
2026-04-07,234,Belchicken Ixelles,0,1546.11,1381.9,133.5,0,461.7,2599.81,0,0,0
2026-04-08,234,Belchicken Ixelles,0,1799.52,1322,128.4,0,453.5,2796.42,0,0,0
2026-04-09,234,Belchicken Ixelles,0,1923.01,1747.1,159.7,0,778.41,3063.2,0,0,0
2026-04-10,234,Belchicken Ixelles,0,2054,1503.4,151.6,0,772.1,2925.1,0,0,0
2026-04-11,234,Belchicken Ixelles,0,2668.67,2137.8,195.6,0,847.71,4176.16,0,0,0
2026-04-12,234,Belchicken Ixelles,0,736.5,299.7,22,0,259.4,777,0,0,0
2026-04-13,234,Belchicken Ixelles,0,1292.91,1058.2,99.5,0,421.5,2029.11,0,0,0
2026-04-14,234,Belchicken Ixelles,0,1537.56,1060.2,105.5,0,448.3,2254.96,0,0,0
2026-04-15,234,Belchicken Ixelles,0,1770.47,1378.4,117.4,0,480.7,2785.57,0,0,0
2026-04-16,234,Belchicken Ixelles,0,1955.4,1475.4,129,0,587.5,2992.2,0,0,0
2026-04-17,234,Belchicken Ixelles,0,2255.68,1218.8,100.5,0,760.4,2815.58,0,0,0
2026-04-18,234,Belchicken Ixelles,0,2374.12,2048.5,206.3,0,670.6,3968.52,0,0,0
2026-04-19,234,Belchicken Ixelles,0,764.09,462.8,41.4,0,255.24,981.95,0,0,0
2026-04-20,234,Belchicken Ixelles,0,1052.2,1002.4,81.5,0,444.5,1691.6,0,0,0
2026-04-21,234,Belchicken Ixelles,0,1548.14,762.5,61.2,0,518.86,1852.98,0,0,0
2026-04-22,234,Belchicken Ixelles,0,1679.2,1093.2,100.8,0,466,2407.2,0,0,0
2026-04-23,234,Belchicken Ixelles,0,1405.11,1087.8,104,0,531.7,2065.21,0,0,0
2026-04-24,234,Belchicken Ixelles,0,1780.92,1298.3,116.9,0,604.8,2591.32,0,0,0
2026-04-25,234,Belchicken Ixelles,0,2778.51,2371.4,226.5,0,1117.8,4258.61,0,0,0
2026-04-26,234,Belchicken Ixelles,0,880.71,337.1,33,0,375.5,875.31,0,0,0
2026-04-27,234,Belchicken Ixelles,0,1156.13,925.8,77.5,0,369.8,1789.63,0,0,0
2026-04-28,234,Belchicken Ixelles,0,1591.1,1157.6,100,0,508,2340.7,0,0,0
2026-04-29,234,Belchicken Ixelles,0,1979.13,1431.6,143.4,0,660.1,2894.03,0,0,0
2026-04-30,234,Belchicken Ixelles,0,2219.32,1968.2,168.6,0,799.2,3556.92,0,0,0
2026-04-01,223,Belchicken Kraainem,0,1413.05,1447.1,118.2,35.6,33.2,2393.6,390.25,0,113
2026-04-02,223,Belchicken Kraainem,0,1826.5,1439,83.3,43.5,50.3,2684.3,534,0,38.9
2026-04-03,223,Belchicken Kraainem,0,2337.5,1751.2,146.5,12.3,50.6,3290,841.8,0,107.1
2026-04-04,223,Belchicken Kraainem,0,1577.5,1690.4,167.8,25.3,0,2697.5,569.2,0,120.3
2026-04-05,223,Belchicken Kraainem,0,1348.55,1319.5,138.2,66.5,114.3,2007.4,513.25,0,55.8
2026-04-06,223,Belchicken Kraainem,0,1452.9,801.2,65.8,0,41.1,1784.3,410.1,0,74.4
2026-04-07,223,Belchicken Kraainem,0,1175.75,1140.7,115.4,0,29.6,1946.6,439.45,0,41.4
2026-04-08,223,Belchicken Kraainem,0,1320.45,1627.7,139.2,0,86.3,2566.2,406,0,29.05
2026-04-09,223,Belchicken Kraainem,0,1147.2,1145.7,110.9,0,57.5,1984,315,0,17.8
2026-04-10,223,Belchicken Kraainem,0,1549.7,1408.4,104.3,0,87.6,2529.5,445.3,0,0
2026-04-11,223,Belchicken Kraainem,0,1925.65,1777.4,154,0,323.4,2714.1,607.7,0,229.75
2026-04-12,223,Belchicken Kraainem,0,1546.55,1142.5,97.7,0,68.1,1894.9,736.95,0,83.2
2026-04-13,223,Belchicken Kraainem,0,1049.55,1097.7,89.2,0,91.7,1434.4,617.55,0,90.9
2026-04-14,223,Belchicken Kraainem,0,1402.3,1943.8,144.6,57.5,323.3,2572.4,379.9,0,147.7
2026-04-15,223,Belchicken Kraainem,0,1629.5,1494.3,124.2,36.2,245.7,2625.4,332.7,0,120.9
2026-04-16,223,Belchicken Kraainem,0,1307.65,640.5,62.6,25.8,30.5,1457.6,351.5,0,64.15
2026-04-17,223,Belchicken Kraainem,0,1443.65,1794.1,175.1,102.6,71.5,2622.8,531.75,0,92.1
2026-04-18,223,Belchicken Kraainem,0,1161.25,1507.2,169.3,0,105.9,2183.9,505.85,0,0
2026-04-19,223,Belchicken Kraainem,0,1458.35,1374.2,177.7,0,0,2320,412.4,0,277.85
2026-04-20,223,Belchicken Kraainem,0,1653.9,1023.6,90.7,55.6,39.2,2029.6,581.4,0,62.4
2026-04-21,223,Belchicken Kraainem,0,1307.45,975,76.8,10.4,102.6,1839.7,406.55,0,0
2026-04-22,223,Belchicken Kraainem,0,1407.95,1297.1,121.2,0,41,2131.8,448.4,0,247.35
2026-04-23,223,Belchicken Kraainem,0,1182.75,1308.2,97.7,28.2,21.3,2251.5,199.05,0,66.1
2026-04-24,223,Belchicken Kraainem,0,1883.25,1587.4,128.8,12.9,52.9,2963.7,585.65,0,137.4
2026-04-25,223,Belchicken Kraainem,0,1350.15,1227.9,130.6,22.8,48.6,1911.2,441.65,0,111.5
2026-04-26,223,Belchicken Kraainem,0,1315,1807.4,195.4,69.6,17.8,2807.4,393.4,0,38.3
2026-04-27,223,Belchicken Kraainem,0,1048.5,562.6,57.9,44.6,15.4,1199.3,325.8,0,106.4
2026-04-28,223,Belchicken Kraainem,0,1580.25,750.9,50.4,0,25.6,1357.2,747.15,0,228.1
2026-04-29,223,Belchicken Kraainem,0,1287.69,1096.6,106,26.09,70.4,1925,434.4,0,88.4
2026-04-30,223,Belchicken Kraainem,0,1654.75,1850.8,167.4,29.9,57.6,2865.4,572.75,0,172.4
2026-04-01,235,Belchicken Leuven,0,476,812.2,63.7,14.4,358.1,979.4,0,0,0
2026-04-02,235,Belchicken Leuven,0,471.3,872.7,76.6,0,283.7,1136.9,0,0,0
2026-04-03,235,Belchicken Leuven,0,486.7,1166.1,106,0,254.9,1503.9,0,0,0
2026-04-04,235,Belchicken Leuven,0,288.2,663.6,53,0,233.9,770.9,0,0,0
2026-04-05,235,Belchicken Leuven,0,87.3,241.4,18,0,1,345.7,0,0,0
2026-04-06,235,Belchicken Leuven,0,289.9,583,47.9,0,308.6,612.2,0,0,0
2026-04-07,235,Belchicken Leuven,0,532.7,624.7,60.8,0,291.6,926.6,0,0,0
2026-04-08,235,Belchicken Leuven,0,242.3,807.8,86.7,0,125.6,1011.2,0,0,0
2026-04-09,235,Belchicken Leuven,0,330.3,654.7,57.5,0,312.8,729.7,0,0,0
2026-04-10,235,Belchicken Leuven,0,245.9,737.2,83.8,23.8,145.3,897.8,0,0,0
2026-04-11,235,Belchicken Leuven,0,234.5,876.4,85.2,0,306.7,889.4,0,0,0
2026-04-12,235,Belchicken Leuven,0,184.4,313.4,33.5,0,141.3,390,0,0,0
2026-04-13,235,Belchicken Leuven,0,196.6,665.7,54.5,0,128.6,788.2,0,0,0
2026-04-14,235,Belchicken Leuven,0,221.3,517.7,45.4,0,98.1,686.3,0,0,0
2026-04-15,235,Belchicken Leuven,0,207.6,670.1,68,0,213,732.7,0,0,0
2026-04-16,235,Belchicken Leuven,0,326.3,839.9,77,0,179,1064.2,0,0,0
2026-04-17,235,Belchicken Leuven,0,264.1,927.3,90,0,296.6,984.8,0,0,0
2026-04-18,235,Belchicken Leuven,0,231.2,458.3,47,0,83.4,653.1,0,0,0
2026-04-19,235,Belchicken Leuven,0,135.6,343.5,36.4,0,67,448.5,0,0,0
2026-04-20,235,Belchicken Leuven,0,203.8,284.8,28.5,0,154.4,362.7,0,0,0
2026-04-21,235,Belchicken Leuven,0,534.4,544,52,0,300.3,830.1,0,0,0
2026-04-22,235,Belchicken Leuven,0,385.4,608.3,58.5,36.9,153.3,862,0,0,0
2026-04-23,235,Belchicken Leuven,0,294.9,602.7,54.9,0,233.1,719.4,0,0,0
2026-04-24,235,Belchicken Leuven,0,208.4,415.2,38.7,0,75.7,586.6,0,0,0
2026-04-25,235,Belchicken Leuven,0,297.5,1011.4,93.4,0,199.9,1202.4,0,0,0
2026-04-26,235,Belchicken Leuven,0,45.4,246.6,28.7,0,39.6,281.1,0,0,0
2026-04-27,235,Belchicken Leuven,0,75.8,358.4,34.4,0,44.6,424,0,0,0
2026-04-28,235,Belchicken Leuven,0,209.3,360.2,32.5,0,85.7,516.3,0,0,0
2026-04-29,235,Belchicken Leuven,0,305.8,522.1,47.5,0,69.7,805.7,0,0,0
2026-04-30,235,Belchicken Leuven,0,389.1,782.2,75.1,0,249.4,997,0,0,0
2026-04-01,263,Belchicken Lier,0,450.75,311.7,33,0,104.9,690.55,0,0,0
2026-04-02,263,Belchicken Lier,0,444.3,609.2,89.6,0,18.8,1124.3,0,0,0
2026-04-03,263,Belchicken Lier,0,606.05,739.9,66.1,0,109.1,1302.95,0,0,0
2026-04-04,263,Belchicken Lier,0,228.5,1119.4,135.3,0,344.3,1138.9,0,0,0
2026-04-05,263,Belchicken Lier,0,352.3,193.1,16,0,99.8,461.6,0,0,0
2026-04-06,263,Belchicken Lier,0,343.8,251.4,39.4,0,9.9,624.7,0,0,0
2026-04-07,263,Belchicken Lier,0,545.2,539.4,52.8,0,179.4,958,0,0,0
2026-04-08,263,Belchicken Lier,0,393.6,526,41.9,0,42.6,918.9,0,0,0
2026-04-09,263,Belchicken Lier,0,538.1,219.9,22.4,0,58.5,721.9,0,0,0
2026-04-10,263,Belchicken Lier,0,342.1,461.8,57.9,0,136,725.8,0,0,0
2026-04-11,263,Belchicken Lier,0,239.7,533.9,45.3,0,70,748.9,0,0,0
2026-04-12,263,Belchicken Lier,0,245.1,477.9,37.2,0,259.7,500.5,0,0,0
2026-04-13,263,Belchicken Lier,0,379.2,529.8,37.5,0,176.5,770,0,0,0
2026-04-14,263,Belchicken Lier,0,356.5,555.4,75.1,0,130.9,856.1,0,0,0
2026-04-15,263,Belchicken Lier,0,345.1,490.3,34.5,0,172.7,697.2,0,0,0
2026-04-16,263,Belchicken Lier,0,426.4,358.9,30.5,0,165.3,650.5,0,0,0
2026-04-17,263,Belchicken Lier,0,431.4,530.9,70.4,0,65.8,966.9,0,0,0
2026-04-18,263,Belchicken Lier,0,378.9,272,27.4,0,9.4,668.9,0,0,0
2026-04-19,263,Belchicken Lier,0,151.1,447.2,27.8,0,0,626.1,0,0,0
2026-04-20,263,Belchicken Lier,0,536.6,209.9,25.6,0,65.9,706.2,0,0,0
2026-04-21,263,Belchicken Lier,0,341.8,245.7,13,0,42.7,557.8,0,0,0
2026-04-22,263,Belchicken Lier,0,279.2,173.5,13,0,0,465.7,0,0,0
2026-04-23,263,Belchicken Lier,0,534.13,340,35.9,0,148.23,761.8,0,0,0
2026-04-24,263,Belchicken Lier,0,364.8,520.6,50,0,114.5,820.9,0,0,0
2026-04-25,263,Belchicken Lier,0,361.96,426.9,34.4,0,50.5,772.76,0,0,0
2026-04-26,263,Belchicken Lier,0,262.4,345.2,27.5,0,131.4,503.7,0,0,0
2026-04-27,263,Belchicken Lier,0,442,309,29,0,207.1,572.9,0,0,0
2026-04-28,263,Belchicken Lier,0,412.6,454.8,57.8,0,44.6,880.6,0,0,0
2026-04-29,263,Belchicken Lier,0,500.5,491.5,66.7,0,81.3,977.4,0,0,0
2026-04-30,263,Belchicken Lier,0,349.4,397,40.4,0,28.8,758,0,0,0
2026-04-01,238,Belchicken Mechelen,0,858.22,1526.94,149.7,0,348.66,2186.2,0,0,0
2026-04-02,238,Belchicken Mechelen,0,666.5,2007.5,166.9,0,378.8,2462.1,0,0,0
2026-04-03,238,Belchicken Mechelen,0,937,2047.9,225.9,0,480.17,2730.63,0,0,0
2026-04-04,238,Belchicken Mechelen,0,495,1958.31,179.9,26.8,433.6,2172.81,0,0,0
2026-04-05,238,Belchicken Mechelen,0,389,709.3,61.2,0,176.6,982.9,0,0,0
2026-04-06,238,Belchicken Mechelen,0,451.19,780.43,67.9,11.9,183.7,1103.92,0,0,0
2026-04-07,238,Belchicken Mechelen,0,720.16,2320.9,247.6,0,468.6,2820.06,0,0,0
2026-04-08,238,Belchicken Mechelen,0,1024.3,2283.4,217.9,0,404,3121.6,0,0,0
2026-04-09,238,Belchicken Mechelen,0,699,1966.26,210.92,0,358.1,2518.08,0,0,0
2026-04-10,238,Belchicken Mechelen,0,579.5,1912.1,173.7,0,416.7,2248.6,0,0,0
2026-04-11,238,Belchicken Mechelen,0,515.7,1696.9,208.4,0,333.7,2087.3,0,0,0
2026-04-12,238,Belchicken Mechelen,0,526.9,912,102.7,0,141.3,1400.3,0,0,0
2026-04-13,238,Belchicken Mechelen,0,500.5,1679.6,168.4,0,219.4,2129.1,0,0,0
2026-04-14,238,Belchicken Mechelen,0,738.11,1959.2,211.9,0,260.5,2648.71,0,0,0
2026-04-15,238,Belchicken Mechelen,0,689.8,1836.48,174.87,10.8,443.15,2247.2,0,0,0
2026-04-16,238,Belchicken Mechelen,0,516.4,1634,162.1,0,368.1,1944.4,0,0,0
2026-04-17,238,Belchicken Mechelen,0,781.2,1790.56,162.7,0,305.66,2428.8,0,0,0
2026-04-18,238,Belchicken Mechelen,0,475.28,1690.5,156.5,11.7,313.4,1997.18,0,0,0
2026-04-19,238,Belchicken Mechelen,0,293.3,732.8,82.5,0,208.3,900.3,0,0,0
2026-04-20,238,Belchicken Mechelen,0,476.5,1027.21,103.05,0,215.3,1391.46,0,0,0
2026-04-21,238,Belchicken Mechelen,0,524.4,794,83.4,0,376.4,1025.4,0,0,0
2026-04-22,238,Belchicken Mechelen,0,657.7,2075.98,183.9,0,435.7,2481.88,0,0,0
2026-04-23,238,Belchicken Mechelen,0,575.9,1410.8,130.6,4.9,267.7,1844.7,0,0,0
2026-04-24,238,Belchicken Mechelen,0,719.3,1527.72,135.65,0,387.4,1995.27,0,0,0
2026-04-25,238,Belchicken Mechelen,0,752.4,1637.9,179.6,0,363.9,2206,0,0,0
2026-04-26,238,Belchicken Mechelen,0,559.54,1020.4,105.3,0,322.7,1362.54,0,0,0
2026-04-27,238,Belchicken Mechelen,0,872.59,1347.7,113.4,0,412.9,1920.79,0,0,0
2026-04-28,238,Belchicken Mechelen,0,749.2,1422.92,130.8,0,245.5,2057.42,0,0,0
2026-04-29,238,Belchicken Mechelen,0,1264.8,1664.7,195.2,5.9,410.6,2708.2,0,0,0
2026-04-30,238,Belchicken Mechelen,0,1516.34,1955.3,195.6,7.9,443.4,3215.94,0,0,0
2026-04-01,239,Belchicken Mediacite,0,1352.17,2149,195.7,0,130.7,3566.17,0,0,0
2026-04-02,239,Belchicken Mediacite,0,760.53,1489.61,139.5,0,30.5,2359.14,0,0,0
2026-04-03,239,Belchicken Mediacite,0,1143.31,1792.4,143.2,0,380.9,2698.01,0,0,0
2026-04-04,239,Belchicken Mediacite,0,1464.13,3579.1,350.4,18.8,165.6,5209.23,0,0,0
2026-04-05,239,Belchicken Mediacite,0,390.5,205.8,13.5,0,8.5,601.3,0,0,0
2026-04-06,239,Belchicken Mediacite,0,754.06,227.3,25.7,29.9,359.5,617.66,0,0,0
2026-04-07,239,Belchicken Mediacite,0,1042.9,1431.7,99.4,0,66.2,2507.8,0,0,0
2026-04-08,239,Belchicken Mediacite,0,1436,2094.7,223.6,0,274,3480.3,0,0,0
2026-04-09,239,Belchicken Mediacite,0,887.57,1454.8,112.8,0,38.7,2416.47,0,0,0
2026-04-10,239,Belchicken Mediacite,0,1006.78,2000.8,194.1,20.9,128.3,3052.48,0,0,0
2026-04-11,239,Belchicken Mediacite,0,1783.2,3474.3,347.2,0,368.3,5236.4,0,0,0
2026-04-12,239,Belchicken Mediacite,0,347.4,365.8,29.5,0,0,742.7,0,0,0
2026-04-13,239,Belchicken Mediacite,0,838.8,863.4,70,0,93,1679.2,0,0,0
2026-04-14,239,Belchicken Mediacite,0,941.1,1175.3,104.5,0,201.8,2019.1,0,0,0
2026-04-15,239,Belchicken Mediacite,0,801,1414,137.2,0,42.2,2310,0,0,0
2026-04-16,239,Belchicken Mediacite,0,730,946.4,74.9,0,83.6,1667.7,0,0,0
2026-04-17,239,Belchicken Mediacite,0,1101.3,1521.8,135.5,0,214.3,2544.3,0,0,0
2026-04-18,239,Belchicken Mediacite,0,1616.4,3054.8,293.6,0,161,4803.8,0,0,0
2026-04-19,239,Belchicken Mediacite,0,464.01,151.6,8.5,0,22,602.11,0,0,0
2026-04-20,239,Belchicken Mediacite,0,659.6,944.2,76.3,0,53.6,1626.5,0,0,0
2026-04-21,239,Belchicken Mediacite,0,391.1,546.4,58.4,0,26.3,969.6,0,0,0
2026-04-22,239,Belchicken Mediacite,0,924.8,1272,121.7,0,143.2,2175.3,0,0,0
2026-04-23,239,Belchicken Mediacite,0,547.5,909.5,101.7,0,39.1,1519.6,0,0,0
2026-04-24,239,Belchicken Mediacite,0,950.12,1028,95.3,0,159.2,1914.22,0,0,0
2026-04-25,239,Belchicken Mediacite,0,1167.57,2362.7,227.9,0,138.8,3619.37,0,0,0
2026-04-26,239,Belchicken Mediacite,0,192.1,204.7,14.5,0,5.8,405.5,0,0,0
2026-04-27,239,Belchicken Mediacite,0,1308.71,1633.1,143.5,0,455.3,2630.01,0,0,0
2026-04-28,239,Belchicken Mediacite,0,1050.6,1583.9,164,0,168.4,2630.1,0,0,0
2026-04-29,239,Belchicken Mediacite,0,1238.93,2104,203.5,0,358.9,3187.53,0,0,0
2026-04-30,239,Belchicken Mediacite,0,1322.06,2435.4,249.4,0,96.2,3910.66,0,0,0
2026-04-01,240,Belchicken Meir,0,1374.95,4598.1,427.8,0,433.9,5709.9,0,257.05,0
2026-04-02,240,Belchicken Meir,0,1123.9,5089.1,442.8,0,494.3,6028.8,0,132.7,0
2026-04-03,240,Belchicken Meir,0,1188.6,6699.9,602.6,0,710.7,7585.7,0,194.7,0
2026-04-04,240,Belchicken Meir,0,1100.4,8072.6,823.1,37.7,500.2,9395.5,0,62.7,0
2026-04-05,240,Belchicken Meir,0,1009.1,4798.5,469.6,15.3,629.9,5590.7,0,41.3,0
2026-04-06,240,Belchicken Meir,0,592.1,3082.1,295.8,0,622,3321.6,0,26.4,0
2026-04-07,240,Belchicken Meir,0,1005.4,7151.9,743.3,20.9,653.1,8177.2,0,49.4,0
2026-04-08,240,Belchicken Meir,0,1104.5,6709.15,718.8,0,599.6,7860.35,0,72.5,0
2026-04-09,240,Belchicken Meir,0,919.3,5565.4,578.1,0,551.3,6403,0,108.5,0
2026-04-10,240,Belchicken Meir,0,1121.65,5494.4,512,0,556.6,6356.85,0,214.6,0
2026-04-11,240,Belchicken Meir,0,1086.6,7459.8,753.6,16.4,880,8329.2,0,74.4,0
2026-04-12,240,Belchicken Meir,0,705.5,3299.5,376.5,16.4,437.1,3709.7,0,218.3,0
2026-04-13,240,Belchicken Meir,0,738.1,4522.8,457.8,0,620.2,4988.4,0,110.1,0
2026-04-14,240,Belchicken Meir,0,950.1,5027.5,455.7,35,614.2,5687.7,0,96.4,0
2026-04-15,240,Belchicken Meir,0,745.4,5257.45,518.4,0,677.35,5843.9,0,0,0
2026-04-16,240,Belchicken Meir,0,1053,5077.35,502,0,516,6060.25,0,56.1,0
2026-04-17,240,Belchicken Meir,0,843.7,6234.85,670.6,29.3,765.9,6879.55,0,74.4,0
2026-04-18,240,Belchicken Meir,0,1178.55,5789.25,607.6,6,491.25,6984.3,0,93.85,0
2026-04-19,240,Belchicken Meir,0,1228.15,3100.6,327.6,12.9,571.65,3824.6,0,247.2,0
2026-04-20,240,Belchicken Meir,0,744.5,2829.2,303.8,0,635.1,3242.4,0,0,0
2026-04-21,240,Belchicken Meir,0,871.55,2989.5,259.2,0,394.9,3664.55,0,60.8,0
2026-04-22,240,Belchicken Meir,0,1012.8,3169,303.8,0,346.1,3979.6,0,159.9,0
2026-04-23,240,Belchicken Meir,0,716.7,3762.5,345.6,0,446.5,4309.8,0,68.5,0
2026-04-24,240,Belchicken Meir,0,950.3,4244.85,423.7,0,776.4,4842.45,0,0,0
2026-04-25,240,Belchicken Meir,0,1250.45,8509.9,884.65,0,938.2,9594.85,0,111.95,0
2026-04-26,240,Belchicken Meir,0,752.9,3011.5,363.9,0,340.4,3787.9,0,0,0
2026-04-27,240,Belchicken Meir,0,918.8,4036,421.1,0,423.6,4708.9,0,243.4,0
2026-04-28,240,Belchicken Meir,0,966.05,3231.3,286.1,0,381.7,4101.75,0,0,0
2026-04-29,240,Belchicken Meir,0,1026.5,4374.2,408.7,0,400.6,5252.2,0,156.6,0
2026-04-30,240,Belchicken Meir,0,1079.1,4483.7,420.3,0,314.8,5480.6,0,187.7,0
2026-04-28,225,Belchicken Merksem,0,3,0,0,0,0,3,0,0,0
2026-04-30,225,Belchicken Merksem,0,10.9,4,0,0,4,10.9,0,0,0
2026-04-01,241,Belchicken Molenbeek,0,943.97,1229.1,130.9,16.8,354.3,1844.97,0,87.9,0
2026-04-02,241,Belchicken Molenbeek,0,824.82,571.8,61.1,0,256.7,952.92,0,248.1,0
2026-04-03,241,Belchicken Molenbeek,0,1036.61,663.9,80.2,0,148.2,1632.51,0,0,0
2026-04-04,241,Belchicken Molenbeek,0,653.7,951,99.8,0,248.4,1456.1,0,0,0
2026-04-05,241,Belchicken Molenbeek,0,1039.3,666.2,85.1,33.6,419.3,1047.3,0,290.4,0
2026-04-06,241,Belchicken Molenbeek,0,824.9,1404.6,119.4,0,474.1,1797.2,0,77.6,0
2026-04-07,241,Belchicken Molenbeek,0,548.08,586.6,64.9,0,99.4,991.08,0,109.1,0
2026-04-08,241,Belchicken Molenbeek,0,751.17,991.77,111.1,0,267.27,1445.37,0,141.4,0
2026-04-09,241,Belchicken Molenbeek,0,866.97,745.2,88.2,28.4,241.5,1303.37,0,127.1,0
2026-04-10,241,Belchicken Molenbeek,0,780.4,754.93,74.3,14.8,281.3,1313.53,0,0,0
2026-04-11,241,Belchicken Molenbeek,0,837.82,760.32,88.5,0,221.02,1465.62,0,0,0
2026-04-12,241,Belchicken Molenbeek,0,1181.27,753.97,113.12,0,168.6,1825.46,0,54.3,0
2026-04-13,241,Belchicken Molenbeek,0,826.6,914.1,91.2,0,532.4,1176.2,0,123.3,0
2026-04-14,241,Belchicken Molenbeek,0,740.2,574.5,57.9,14.9,318.1,895,0,144.6,0
2026-04-15,241,Belchicken Molenbeek,0,717.29,834.2,145.5,0,361.8,1162.09,0,173.1,0
2026-04-16,241,Belchicken Molenbeek,0,667.31,759.38,86.12,0,146,1104.41,0,262.4,0
2026-04-17,241,Belchicken Molenbeek,0,914.8,1201.01,119.8,54.2,399.9,1693.21,0,88.3,0
2026-04-18,241,Belchicken Molenbeek,0,1201.62,1118.39,89.14,0,577.23,1778.12,0,53.8,0
2026-04-19,241,Belchicken Molenbeek,0,812.72,774.9,54.4,0,114.1,1454.52,0,73.4,0
2026-04-20,241,Belchicken Molenbeek,0,709.9,429.93,53.8,0,272.4,803.33,0,117.9,0
2026-04-21,241,Belchicken Molenbeek,0,633.1,440.05,53.1,13.9,293.5,704.05,0,114.8,0
2026-04-22,241,Belchicken Molenbeek,0,931.5,826.1,95.2,0,462.7,1178.3,0,211.8,0
2026-04-23,241,Belchicken Molenbeek,0,620.28,243.5,25.9,0,203.1,571.88,0,114.7,0
2026-04-24,241,Belchicken Molenbeek,0,646.3,739.7,100,0,421.8,948.5,0,115.7,0
2026-04-25,241,Belchicken Molenbeek,0,899.6,1081.4,122.7,23.3,409.2,1604.2,0,67,0
2026-04-26,241,Belchicken Molenbeek,0,766.95,992.1,94.1,15,179.7,1389.9,0,268.55,0
2026-04-27,241,Belchicken Molenbeek,0,273.16,405.7,37,0,119.1,566.66,0,30.1,0
2026-04-28,241,Belchicken Molenbeek,0,884.26,782.1,82.2,0,297,1313.86,0,137.7,0
2026-04-29,241,Belchicken Molenbeek,0,917.36,853.5,110.2,0,187.9,1592.56,0,100.6,0
2026-04-30,241,Belchicken Molenbeek,0,784.35,684.5,81.9,28.4,221.3,1150,0,151.05,0
2026-04-01,242,Belchicken Mons,0,153.2,1097.11,122.7,0,232.1,1140.91,0,0,0
2026-04-02,242,Belchicken Mons,0,227.46,591.7,47.5,0,4,816.91,0,45.75,0
2026-04-03,242,Belchicken Mons,0,268.8,908.71,69.4,0,94.6,1118.01,0,34.3,0
2026-04-04,242,Belchicken Mons,0,606.63,2592,254,0,345.1,3059.73,0,47.8,0
2026-04-07,242,Belchicken Mons,0,182.02,716.21,68,0,131.3,834.93,0,0,0
2026-04-08,242,Belchicken Mons,0,141.41,630,54.5,0,9.4,816.51,0,0,0
2026-04-09,242,Belchicken Mons,0,105.44,507.5,48.9,0,38.2,623.64,0,0,0
2026-04-10,242,Belchicken Mons,0,220.76,891.2,88.8,0,125.1,1075.66,0,0,0
2026-04-11,242,Belchicken Mons,0,345.23,2144.7,189.6,0,384.01,2265.72,0,29.8,0
2026-04-13,242,Belchicken Mons,0,139.03,724.9,72.7,0,138.9,797.73,0,0,0
2026-04-14,242,Belchicken Mons,0,212.57,601.9,68,0,184.6,669.31,0,28.56,0
2026-04-15,242,Belchicken Mons,0,134.1,811.6,82.1,0,181,846.8,0,0,0
2026-04-16,242,Belchicken Mons,0,272.01,506.58,51.85,0,63.11,767.33,0,0,0
2026-04-17,242,Belchicken Mons,0,282.52,667.12,45.9,0,48.6,875.64,0,71.3,0
2026-04-18,242,Belchicken Mons,0,273.06,2556.12,222.3,0,497.8,2553.68,0,0,0
2026-04-20,242,Belchicken Mons,0,196.53,561.1,44,0,131.71,642.17,0,27.75,0
2026-04-21,242,Belchicken Mons,0,66,355.68,33.25,0,18.09,436.84,0,0,0
2026-04-22,242,Belchicken Mons,0,218.17,840.07,81.7,0,125.91,1014.03,0,0,0
2026-04-23,242,Belchicken Mons,0,168.21,301.2,21,0,79.51,410.9,0,0,0
2026-04-24,242,Belchicken Mons,0,231.71,268.56,36.9,0,117,420.17,0,0,0
2026-04-25,242,Belchicken Mons,0,385.48,1391.5,141.5,0,254.41,1582.72,0,81.35,0
2026-04-27,242,Belchicken Mons,0,186.7,943.8,99.1,0,291.5,912.75,0,25.35,0
2026-04-28,242,Belchicken Mons,0,124.51,924.16,85.75,0,186.5,947.92,0,0,0
2026-04-29,242,Belchicken Mons,0,134.56,936.91,101.9,0,109.8,1063.57,0,0,0
2026-04-30,242,Belchicken Mons,0,253.54,1562.9,141.7,0,310.1,1597.44,0,50.6,0
2026-04-01,243,Belchicken Oostende,0,738.8,1067.8,99.8,0,307.5,1427.7,29.9,86.8,54.5
2026-04-02,243,Belchicken Oostende,0,814.65,513.3,59.7,0,189.9,821.9,128.2,99.25,148.4
2026-04-03,243,Belchicken Oostende,0,757.65,1555.4,142.7,0,271.7,1868,93.9,73.6,148.55
2026-04-04,243,Belchicken Oostende,0,982.4,1809.6,166.1,0,245.1,2528,121.7,63.3,0
2026-04-05,243,Belchicken Oostende,0,1197.45,1570.9,143.7,0,138.8,2342.4,147.4,129.65,153.8
2026-04-06,243,Belchicken Oostende,0,724.2,1892.2,187.3,0,162.2,2204.5,46.3,154.2,236.5
2026-04-07,243,Belchicken Oostende,0,1006.45,1821.2,193.4,13.9,101.3,2758.3,89.6,40.15,17.8
2026-04-08,243,Belchicken Oostende,0,1342.05,2203.3,216.6,0,135,3202.2,161,127.3,136.45
2026-04-09,243,Belchicken Oostende,0,1365.05,2431.1,239.9,0,476.3,3364.6,24.4,126.85,43.9
2026-04-10,243,Belchicken Oostende,0,1156.6,606.3,66.5,0,63.5,1228.3,143.8,127.6,266.2
2026-04-11,243,Belchicken Oostende,0,1088.3,1148.1,125.4,0,209.1,1798.9,80.4,245.5,27.9
2026-04-12,243,Belchicken Oostende,0,549.7,1649.6,155.9,0,133,2048.8,0,82.4,91
2026-04-13,243,Belchicken Oostende,0,587.6,782.4,77.2,0,102.4,1226.3,36.5,48.5,33.5
2026-04-14,243,Belchicken Oostende,0,1067.35,1069,111.9,0,156.4,1702,58,30.15,301.7
2026-04-15,243,Belchicken Oostende,0,438.2,1057.8,110.9,0,59.7,1547.2,0,0,0
2026-04-16,243,Belchicken Oostende,0,808.3,851,81.5,0,186.7,1351.2,23.9,123.5,55.5
2026-04-17,243,Belchicken Oostende,0,902.5,739.3,82.7,0,229.1,1113.8,41.3,211.1,129.2
2026-04-18,243,Belchicken Oostende,0,1018.7,931.4,78.8,0,226.6,1582.3,0,105.9,114.1
2026-04-19,243,Belchicken Oostende,0,325,824.3,63,0,102.6,901.5,130,15.1,63.1
2026-04-20,243,Belchicken Oostende,0,248.1,336.6,37.5,0,109.4,512.8,0,0,0
2026-04-21,243,Belchicken Oostende,0,920.3,771.5,78.5,0,327.8,1130.4,100,112.7,99.4
2026-04-22,243,Belchicken Oostende,0,689.8,932.8,83.6,0,298.9,1253.9,101.1,0,52.3
2026-04-23,243,Belchicken Oostende,0,838.25,538.8,57.2,0,214.7,903.5,93.95,69.3,152.8
2026-04-24,243,Belchicken Oostende,0,1027.25,644.2,59.7,0,259,1107.8,27.3,171.85,165.2
2026-04-25,243,Belchicken Oostende,0,1104.2,1979.8,184.2,0,246.1,2746.3,134.65,94.8,46.35
2026-04-26,243,Belchicken Oostende,0,877.7,1242.8,116.4,0,311.6,1925.3,0,0,0
2026-04-27,243,Belchicken Oostende,0,693.3,797,73.4,0,210.8,1352.9,0,0,0
2026-04-28,243,Belchicken Oostende,0,1193.77,813.8,83.1,0,300.5,1448.22,80.6,148.7,112.65
2026-04-29,243,Belchicken Oostende,0,978.1,1098.6,120.3,0,171.6,1708.5,53.7,161.8,101.4
2026-04-30,243,Belchicken Oostende,0,1350.8,1748.1,176.3,0,368.7,2718.5,86.7,76.9,24.4
2026-04-01,264,Belchicken Overpoort,0,768.5,1822.6,185.6,0,186.4,2655,0,0,0
2026-04-02,264,Belchicken Overpoort,0,733.5,2505.7,241.1,0,187.6,3268.7,0,0,0
2026-04-03,264,Belchicken Overpoort,0,974.1,2468.6,239.4,0,228.1,3413.3,0,0,0
2026-04-04,264,Belchicken Overpoort,0,422.3,930.5,109.5,0,110.4,1351.9,0,0,0
2026-04-05,264,Belchicken Overpoort,0,298.2,1349.3,150.9,0,21.2,1777.2,0,0,0
2026-04-06,264,Belchicken Overpoort,0,295.7,1048.3,139.8,0,183.1,1300.7,0,0,0
2026-04-07,264,Belchicken Overpoort,0,318.4,795.8,80.9,0,212.8,982.3,0,0,0
2026-04-08,264,Belchicken Overpoort,0,677.1,1004.2,99.2,0,32.7,1747.8,0,0,0
2026-04-09,264,Belchicken Overpoort,0,573.3,984.9,92.7,0,157.8,1493.1,0,0,0
2026-04-10,264,Belchicken Overpoort,0,301.2,725.7,91.1,0,93,1025,0,0,0
2026-04-11,264,Belchicken Overpoort,0,515.2,1191.8,131.9,0,163.4,1675.5,0,0,0
2026-04-12,264,Belchicken Overpoort,0,469.5,590,47.9,0,98.7,1008.7,0,0,0
2026-04-13,264,Belchicken Overpoort,0,503.9,1095.9,105.6,0,205.2,1500.2,0,0,0
2026-04-14,264,Belchicken Overpoort,0,567.2,903,77.7,0,95.1,1452.8,0,0,0
2026-04-15,264,Belchicken Overpoort,0,319.8,1306.5,151.3,0,219.8,1573.5,0,0,0
2026-04-16,264,Belchicken Overpoort,0,388.5,952.4,81.9,0,150.8,1256.3,0,0,0
2026-04-17,264,Belchicken Overpoort,0,387.8,931.9,116.6,0,57.3,1379,0,0,0
2026-04-18,264,Belchicken Overpoort,0,236.3,1058.1,100.8,0,199.8,1195.4,0,0,0
2026-04-19,264,Belchicken Overpoort,0,603.2,1070.8,89.8,0,165.3,1598.5,0,0,0
2026-04-20,264,Belchicken Overpoort,0,427.7,1161.1,115.1,0,170.5,1533.4,0,0,0
2026-04-21,264,Belchicken Overpoort,0,335.8,1087.2,103.2,0,49.6,1476.6,0,0,0
2026-04-22,264,Belchicken Overpoort,0,749.6,2433.8,202.5,0,28.7,3530.7,0,0,0
2026-04-23,264,Belchicken Overpoort,0,1052.7,3229.5,276.9,0,195.4,4215.2,0,0,0
2026-04-24,264,Belchicken Overpoort,0,736,2312.2,214.8,0,204.3,3033.7,0,0,0
2026-04-25,264,Belchicken Overpoort,0,456.7,1454.4,160.9,0,206.8,1865.2,0,0,0
2026-04-26,264,Belchicken Overpoort,0,415.7,763.9,80.6,0,28.3,1231.9,0,0,0
2026-04-27,264,Belchicken Overpoort,0,415.5,1049.1,117.7,0,46.6,1535.7,0,0,0
2026-04-28,264,Belchicken Overpoort,0,708.4,1830.3,157.3,0,241.9,2454.1,0,0,0
2026-04-29,264,Belchicken Overpoort,0,691.8,1686.2,201.7,0,178.4,2426.5,0,0,0
2026-04-30,264,Belchicken Overpoort,0,721.3,1697.3,175.8,0,158.7,2463.7,0,0,0
2026-04-01,245,Belchicken Rive Gauche,0,982.1,1435.2,147,0,204.1,2360.2,0,0,0
2026-04-02,245,Belchicken Rive Gauche,0,720.5,1135.2,118.9,0,211.6,1763,0,0,0
2026-04-03,245,Belchicken Rive Gauche,0,1167.6,1459,132.4,0,285.1,2473.9,0,0,0
2026-04-04,245,Belchicken Rive Gauche,0,2122.1,2641.8,256.5,0,568.2,4452.2,0,0,0
2026-04-07,245,Belchicken Rive Gauche,0,1163.9,1463.2,131.4,0,377.8,2380.7,0,0,0
2026-04-08,245,Belchicken Rive Gauche,0,1645.6,1416.4,145,0,352.3,2854.7,0,0,0
2026-04-09,245,Belchicken Rive Gauche,0,826.37,825.6,83.4,0,236.8,1498.57,0,0,0
2026-04-10,245,Belchicken Rive Gauche,0,922.22,1186.1,102.5,0,216.3,1994.52,0,0,0
2026-04-11,245,Belchicken Rive Gauche,0,2057.7,3672.5,331,0,531.1,5530.1,0,0,0
2026-04-13,245,Belchicken Rive Gauche,0,1362,1054.3,95.9,0,374.3,2137.9,0,0,0
2026-04-14,245,Belchicken Rive Gauche,0,692.21,1115.7,120,0,112.8,1815.11,0,0,0
2026-04-15,245,Belchicken Rive Gauche,0,1536.83,1252.1,109.3,0,435.3,2462.93,0,0,0
2026-04-16,245,Belchicken Rive Gauche,0,1119.93,1350.5,125.6,0,157.51,2438.52,0,0,0
2026-04-17,245,Belchicken Rive Gauche,0,1182.1,1609.1,130.6,0,246.6,2675.2,0,0,0
2026-04-18,245,Belchicken Rive Gauche,0,1619.8,2810.1,270.1,0,441.9,4258.1,0,0,0
2026-04-20,245,Belchicken Rive Gauche,0,1079.8,1096.2,105.3,0,195,2086.3,0,0,0
2026-04-21,245,Belchicken Rive Gauche,0,1182,1025,98.3,0,327.8,1977.5,0,0,0
2026-04-22,245,Belchicken Rive Gauche,0,1210.6,1064.1,95.1,0,312.5,2057.3,0,0,0
2026-04-23,245,Belchicken Rive Gauche,0,1011.3,1360.2,112.5,0,263.1,2220.9,0,0,0
2026-04-24,245,Belchicken Rive Gauche,0,1493.01,1494.4,140.6,0,352.4,2775.61,0,0,0
2026-04-25,245,Belchicken Rive Gauche,0,1954.8,2109.6,207.6,0,463.2,3808.8,0,0,0
2026-04-27,245,Belchicken Rive Gauche,0,1011.32,1443.7,166.4,0,262.82,2358.6,0,0,0
2026-04-28,245,Belchicken Rive Gauche,0,1227.09,2175.6,199.6,0,501.6,3100.69,0,0,0
2026-04-29,245,Belchicken Rive Gauche,0,1298.66,2315.6,224.3,0,378.5,3460.06,0,0,0
2026-04-30,245,Belchicken Rive Gauche,0,1311.82,1860.9,185.1,0,362.7,2995.12,0,0,0
2026-04-01,246,Belchicken Roeselare,0,357.2,1194.2,172.4,0,299.7,1424.1,0,0,0
2026-04-02,246,Belchicken Roeselare,0,276.2,1304.1,129.1,0,109.4,1600,0,0,0
2026-04-03,246,Belchicken Roeselare,0,551.4,1871.53,211.6,0,236.7,2397.83,0,0,0
2026-04-04,246,Belchicken Roeselare,0,546.91,1459.3,244.9,2.5,170.4,2078.21,0,0,0
2026-04-05,246,Belchicken Roeselare,0,197.3,763.16,91.6,0,196,856.06,0,0,0
2026-04-06,246,Belchicken Roeselare,0,352,1018.7,133.4,39,305.3,1159.8,0,0,0
2026-04-07,246,Belchicken Roeselare,0,585.4,1261.7,211.8,0,212.4,1846.5,0,0,0
2026-04-08,246,Belchicken Roeselare,0,585.8,1486.16,181.82,13.9,182.1,2057.78,0,0,0
2026-04-09,246,Belchicken Roeselare,0,304.1,1339.3,151.9,33.5,105,1656.8,0,0,0
2026-04-10,246,Belchicken Roeselare,0,490.3,1323.2,179.3,0,150.6,1842.2,0,0,0
2026-04-11,246,Belchicken Roeselare,0,417.74,1511.9,193,0,277.8,1844.84,0,0,0
2026-04-12,246,Belchicken Roeselare,0,261.9,890,126,0,174.2,1103.7,0,0,0
2026-04-13,246,Belchicken Roeselare,0,411.4,1060.9,116.7,0,311.7,1277.3,0,0,0
2026-04-14,246,Belchicken Roeselare,0,299.4,1481.3,168.1,27.8,182.5,1738.5,0,0,0
2026-04-15,246,Belchicken Roeselare,0,403.9,1412.3,167.5,0,186.2,1797.5,0,0,0
2026-04-16,246,Belchicken Roeselare,0,319.8,1484.7,159.1,0,137.5,1826.1,0,0,0
2026-04-17,246,Belchicken Roeselare,0,462.8,1365.3,200.9,0,114.4,1914.6,0,0,0
2026-04-18,246,Belchicken Roeselare,0,314,1186.2,136.1,0,140.3,1496,0,0,0
2026-04-19,246,Belchicken Roeselare,0,466.5,1521.5,181.1,0,243.2,1925.9,0,0,0
2026-04-20,246,Belchicken Roeselare,0,294.8,817.2,107.2,0,165.4,1053.8,0,0,0
2026-04-21,246,Belchicken Roeselare,0,391.9,581.1,84.8,0,78.1,979.7,0,0,0
2026-04-22,246,Belchicken Roeselare,0,445.6,1030.8,123,15.3,176.1,1408,0,0,0
2026-04-23,246,Belchicken Roeselare,0,240.1,809.7,77.9,0,85.1,1042.6,0,0,0
2026-04-24,246,Belchicken Roeselare,0,497.5,951.2,121,0,204.3,1365.4,0,0,0
2026-04-25,246,Belchicken Roeselare,0,473.92,1116.5,116.2,0,276.76,1429.86,0,0,0
2026-04-26,246,Belchicken Roeselare,0,401.8,727.7,85.6,0,237,978.1,0,0,0
2026-04-27,246,Belchicken Roeselare,0,335.1,675.8,75.7,0,262,824.6,0,0,0
2026-04-28,246,Belchicken Roeselare,0,399.8,906.3,99.1,0,53.1,1352.1,0,0,0
2026-04-29,246,Belchicken Roeselare,0,557.62,1231.8,136.2,19.3,175.6,1730.72,0,0,0
2026-04-30,246,Belchicken Roeselare,0,513.1,1430.1,131.8,0,104.2,1970.8,0,0,0
2026-04-01,248,Belchicken Rue Neuve,0,568.37,2455.3,225,0,106.6,3142.07,0,0,0
2026-04-02,248,Belchicken Rue Neuve,0,513.41,2041.8,182.3,0,62.5,2675.01,0,0,0
2026-04-03,248,Belchicken Rue Neuve,0,640.94,2567.5,263.4,0,141.4,3330.44,0,0,0
2026-04-04,248,Belchicken Rue Neuve,0,1151.98,4138.5,434.6,0,230.8,5494.28,0,0,0
2026-04-05,248,Belchicken Rue Neuve,0,486.55,1887.4,205.9,0,64,2515.85,0,0,0
2026-04-06,248,Belchicken Rue Neuve,0,556.7,1504.4,137.9,0,53.6,2145.4,0,0,0
2026-04-07,248,Belchicken Rue Neuve,0,757.64,2509.6,254.1,0,138.5,3382.84,0,0,0
2026-04-08,248,Belchicken Rue Neuve,0,772.3,3347.8,346,0,240.1,4226,0,0,0
2026-04-09,248,Belchicken Rue Neuve,0,701.56,2698.6,275.4,0,234.6,3440.96,0,0,0
2026-04-10,248,Belchicken Rue Neuve,0,513.89,2235.3,186.6,0,98.3,2837.49,0,0,0
2026-04-11,248,Belchicken Rue Neuve,0,871.31,4112.1,370.9,0,195.5,5158.81,0,0,0
2026-04-12,248,Belchicken Rue Neuve,0,384.2,699.7,62.1,0,79.2,1066.8,0,0,0
2026-04-13,248,Belchicken Rue Neuve,0,437.7,1547.4,155.5,0,181.7,1958.9,0,0,0
2026-04-14,248,Belchicken Rue Neuve,0,319.4,2399.2,234.1,0,127.4,2825.3,0,0,0
2026-04-15,248,Belchicken Rue Neuve,0,659.3,2456.4,275.8,0,129.5,3186,0,76,0
2026-04-16,248,Belchicken Rue Neuve,0,469.26,2062.9,214.1,14.9,121.8,2580.96,0,28.6,0
2026-04-17,248,Belchicken Rue Neuve,0,561.5,2079.9,199.3,0,86.7,2754,0,0,0
2026-04-18,248,Belchicken Rue Neuve,0,747.56,3185.2,304.6,0,89,4148.36,0,0,0
2026-04-19,248,Belchicken Rue Neuve,0,212.04,1114.61,108.2,0,85.3,1349.55,0,0,0
2026-04-20,248,Belchicken Rue Neuve,0,327.1,1761.8,169.1,0,76.5,2181.5,0,0,0
2026-04-21,248,Belchicken Rue Neuve,0,352.8,1323.1,116.2,0,7.4,1784.7,0,0,0
2026-04-22,248,Belchicken Rue Neuve,0,320.7,2037.3,171.4,0,211.3,2318.1,0,0,0
2026-04-23,248,Belchicken Rue Neuve,0,621.46,2439.2,255.2,0,270.6,3007.06,0,38.2,0
2026-04-24,248,Belchicken Rue Neuve,0,643.27,1893.74,151.85,0,88.6,2600.26,0,0,0
2026-04-25,248,Belchicken Rue Neuve,0,661.2,3724.5,380.6,0,59.2,4707.1,0,0,0
2026-04-26,248,Belchicken Rue Neuve,0,410.9,1548.9,170.4,0,66.5,2063.7,0,0,0
2026-04-27,248,Belchicken Rue Neuve,0,546.61,2263.7,221.2,0,295.3,2736.21,0,0,0
2026-04-28,248,Belchicken Rue Neuve,0,256.9,2047.1,209.6,0,285.7,2227.9,0,0,0
2026-04-29,248,Belchicken Rue Neuve,0,628.9,2336.2,235.9,0,198.3,3002.7,0,0,0
2026-04-30,248,Belchicken Rue Neuve,0,608.9,2751.4,271.9,0,166.9,3465.3,0,0,0
2026-04-01,218,Belchicken Ruisbroek,0,311.4,255.4,28.6,0,181.3,414.1,0,0,0
2026-04-02,218,Belchicken Ruisbroek,0,486.4,249.7,16,33.7,204.4,514,0,0,0
2026-04-03,218,Belchicken Ruisbroek,0,748.1,664.8,52.4,0,264,1201.3,0,0,0
2026-04-04,218,Belchicken Ruisbroek,0,627,194.1,12.5,0,174.4,781.8,0,0,0
2026-04-05,218,Belchicken Ruisbroek,0,690.5,115.1,6,0,162.3,526.7,0,0,0
2026-04-06,218,Belchicken Ruisbroek,0,715.1,350,26.5,151.4,196.6,743.6,0,0,0
2026-04-07,218,Belchicken Ruisbroek,0,718.7,271.9,34,0,232.1,792.5,0,0,0
2026-04-08,218,Belchicken Ruisbroek,0,540.9,345.1,20,0,142,764,0,0,0
2026-04-09,218,Belchicken Ruisbroek,0,538.1,247.1,13.5,13.9,263.3,521.5,0,0,0
2026-04-10,218,Belchicken Ruisbroek,0,520.2,222,12.5,54.8,148.9,551,0,0,0
2026-04-11,218,Belchicken Ruisbroek,0,659.9,272.3,19,0,99.2,852,0,0,0
2026-04-12,218,Belchicken Ruisbroek,0,403.3,305.1,25.9,0,75.7,658.6,0,0,0
2026-04-13,218,Belchicken Ruisbroek,0,514,397.4,35.4,0,225,721.8,0,0,0
2026-04-14,218,Belchicken Ruisbroek,0,462.2,168,19.5,0,142.4,507.3,0,0,0
2026-04-15,218,Belchicken Ruisbroek,0,343.4,245.5,19.4,0,137.5,470.8,0,0,0
2026-04-16,218,Belchicken Ruisbroek,0,743.7,258.5,13,0,144.4,870.8,0,0,0
2026-04-17,218,Belchicken Ruisbroek,0,668.4,234.6,16.5,0,182.4,745,0,0,0
2026-04-18,218,Belchicken Ruisbroek,0,377.6,146.4,16.4,0,158.7,373.8,0,0,0
2026-04-19,218,Belchicken Ruisbroek,0,447.9,100.4,8,0,181.7,374.6,0,0,0
2026-04-20,218,Belchicken Ruisbroek,0,391.6,396.1,39.9,0,122,705.6,0,0,0
2026-04-21,218,Belchicken Ruisbroek,0,317.8,158,10.5,73.2,18.4,394.7,0,0,0
2026-04-22,218,Belchicken Ruisbroek,0,457.2,396.5,50.4,0,149.2,754.9,0,0,0
2026-04-23,218,Belchicken Ruisbroek,0,540.6,267.6,20,38.1,91.3,698.8,0,0,0
2026-04-24,218,Belchicken Ruisbroek,0,693.1,410.5,31,0,286.2,848.4,0,0,0
2026-04-25,218,Belchicken Ruisbroek,0,654.8,616.1,63.7,0,335.8,998.8,0,0,0
2026-04-26,218,Belchicken Ruisbroek,0,419,103.6,6,0,85.9,442.7,0,0,0
2026-04-27,218,Belchicken Ruisbroek,0,557.4,349.3,41.3,0,242.5,705.5,0,0,0
2026-04-28,218,Belchicken Ruisbroek,0,407.4,101.6,7.5,0,95.9,420.6,0,0,0
2026-04-29,218,Belchicken Ruisbroek,0,534.3,200.2,18,0,262.1,490.4,0,0,0
2026-04-30,218,Belchicken Ruisbroek,0,669.4,271.6,22.5,0,98.3,865.2,0,0,0
2026-04-01,249,Belchicken Schaarbeek,0,210.8,48.6,4,0,103,160.4,0,0,0
2026-04-02,249,Belchicken Schaarbeek,0,128.6,0,0,0,95,33.6,0,0,0
2026-04-03,249,Belchicken Schaarbeek,0,224.8,57,4,0,68.8,217,0,0,0
2026-04-04,249,Belchicken Schaarbeek,0,187.4,0,0,0,39.1,148.3,0,0,0
2026-04-05,249,Belchicken Schaarbeek,0,280.9,0,0,0,82.2,198.7,0,0,0
2026-04-06,249,Belchicken Schaarbeek,0,332.3,0,0,0,109.2,242.9,0,0,0
2026-04-07,249,Belchicken Schaarbeek,0,276,69.4,5,0,103.5,227.1,0,0,0
2026-04-08,249,Belchicken Schaarbeek,0,269.8,18.8,2,0,104.3,186.3,0,0,0
2026-04-09,249,Belchicken Schaarbeek,0,438.4,35.7,3,0,290.6,186.5,0,0,0
2026-04-10,249,Belchicken Schaarbeek,0,479.3,53.8,8,0,172.6,382.4,0,0,0
2026-04-11,249,Belchicken Schaarbeek,0,320.7,104.8,7,0,217.8,212.2,0,0,0
2026-04-12,249,Belchicken Schaarbeek,0,405.4,0,0,0,149.9,266.4,0,0,0
2026-04-13,249,Belchicken Schaarbeek,0,212,23.4,4.5,0,98.6,119,0,0,0
2026-04-14,249,Belchicken Schaarbeek,0,282.6,70,4,0,156.9,226.9,0,0,0
2026-04-15,249,Belchicken Schaarbeek,0,340,74.2,7,0,125.6,268.4,0,0,0
2026-04-16,249,Belchicken Schaarbeek,0,298.5,65.4,6,0,115.2,254.7,0,0,0
2026-04-17,249,Belchicken Schaarbeek,0,364.8,51,5.5,0,108.9,322.3,0,0,0
2026-04-18,249,Belchicken Schaarbeek,0,281.12,30.6,2,0,99.62,204.2,0,0,0
2026-04-19,249,Belchicken Schaarbeek,0,190.9,64.5,5,0,147.4,152.6,0,0,0
2026-04-20,249,Belchicken Schaarbeek,0,178.9,0,0,0,65.5,73.8,0,0,0
2026-04-21,249,Belchicken Schaarbeek,0,250.9,9.9,1,0,77.4,194.4,0,0,0
2026-04-22,249,Belchicken Schaarbeek,0,183.7,100.4,9,0,46.5,260.4,0,0,0
2026-04-23,249,Belchicken Schaarbeek,0,114.6,47.4,4,0,47.4,94.8,0,0,0
2026-04-24,249,Belchicken Schaarbeek,0,280.8,61,7.5,0,120.7,228.6,0,0,0
2026-04-25,249,Belchicken Schaarbeek,0,209,185.2,17.5,0,189.2,239.9,0,0,0
2026-04-26,249,Belchicken Schaarbeek,0,280.1,100.6,9.5,0,203.2,169.6,0,0,0
2026-04-27,249,Belchicken Schaarbeek,0,422.8,40.1,3,0,159.6,328.1,0,0,0
2026-04-28,249,Belchicken Schaarbeek,0,382.6,0,0,0,158.1,202.7,0,0,0
2026-04-29,249,Belchicken Schaarbeek,0,168.6,79.4,7.5,0,52.2,203.3,0,0,0
2026-04-30,249,Belchicken Schaarbeek,0,254.7,0,0,0,166.5,105.6,0,0,0
2026-04-01,253,Belchicken Uccle De Bue,0,876.9,522.6,54.5,0,57.4,1317.2,0,79.4,0
2026-04-02,253,Belchicken Uccle De Bue,0,643.6,470.9,30.9,0,56.4,1059.2,0,29.8,0
2026-04-03,253,Belchicken Uccle De Bue,0,586.4,857.4,68.9,0,0,1512.7,0,0,0
2026-04-04,253,Belchicken Uccle De Bue,0,789.7,598.6,57.7,0,154.5,1291.5,0,0,0
2026-04-05,253,Belchicken Uccle De Bue,0,488.3,182.3,18,0,71.7,616.9,0,0,0
2026-04-06,253,Belchicken Uccle De Bue,0,198.9,219.6,16,0,0,434.5,0,0,0
2026-04-07,253,Belchicken Uccle De Bue,0,589.3,296.7,31.9,0,58.2,833.3,0,26.4,0
2026-04-08,253,Belchicken Uccle De Bue,0,888.1,652.5,56.9,0,64.4,1533.1,0,0,0
2026-04-09,253,Belchicken Uccle De Bue,0,471.22,510.2,52.5,0,37.3,939.82,0,56.8,0
2026-04-10,253,Belchicken Uccle De Bue,0,933.9,954.9,86,0,84.3,1890.5,0,0,0
2026-04-11,253,Belchicken Uccle De Bue,0,1181.5,349.6,31.5,0,166.99,1329.01,0,66.6,0
2026-04-12,253,Belchicken Uccle De Bue,0,448.1,176.1,12.5,0,117.4,506.3,0,13,0
2026-04-13,253,Belchicken Uccle De Bue,0,417.4,246.8,18.5,14.9,124,530.6,0,13.2,0
2026-04-14,253,Belchicken Uccle De Bue,0,471.33,402.4,40.4,0,88.43,825.7,0,0,0
2026-04-15,253,Belchicken Uccle De Bue,0,843.25,632,65,0,14.8,1506.3,0,19.15,0
2026-04-16,253,Belchicken Uccle De Bue,0,599.51,227.5,15.2,0,32.1,741.31,0,68.8,0
2026-04-17,253,Belchicken Uccle De Bue,0,915.6,489.2,63.7,0,89.6,1271.2,0,107.7,0
2026-04-18,253,Belchicken Uccle De Bue,0,548.1,406.7,36.3,0,14.9,963.5,0,12.7,0
2026-04-19,253,Belchicken Uccle De Bue,0,484.1,271.4,21.5,0,146.2,589.6,0,41.2,0
2026-04-20,253,Belchicken Uccle De Bue,0,377.1,192.6,18.8,0,15.7,572.8,0,0,0
2026-04-21,253,Belchicken Uccle De Bue,0,310.4,282.8,20.5,0,20.4,580.1,0,13.2,0
2026-04-22,253,Belchicken Uccle De Bue,0,1037.2,728,56.7,20.8,0,1747.7,0,53.4,0
2026-04-23,253,Belchicken Uccle De Bue,0,815.4,246.9,22.7,0,61.5,900.1,0,123.4,0
2026-04-24,253,Belchicken Uccle De Bue,0,875.71,474.1,44.9,0,68.4,1245.16,0,81.15,0
2026-04-25,253,Belchicken Uccle De Bue,0,426.9,320.3,21.5,0,82.2,686.5,0,0,0
2026-04-26,253,Belchicken Uccle De Bue,0,661.14,249.5,21.7,0,121.7,716.84,0,93.8,0
2026-04-27,253,Belchicken Uccle De Bue,0,451.5,400.9,36.9,0,0,830.8,0,58.5,0
2026-04-28,253,Belchicken Uccle De Bue,0,745.96,176.9,18.5,0,105.7,793.66,0,42,0
2026-04-29,253,Belchicken Uccle De Bue,0,574.5,425,39,0,122.9,845.1,0,70.5,0
2026-04-30,253,Belchicken Uccle De Bue,0,463.1,416.8,39.4,0,21.8,897.5,0,0,0
2026-04-01,251,Belchicken Verviers,0,1180.1,506.1,50.4,0,308.5,1095.4,0,332.7,0
2026-04-02,251,Belchicken Verviers,0,989.8,725,71.2,0,293.1,1100,0,392.9,0
2026-04-03,251,Belchicken Verviers,0,1395.55,649.3,73.2,34.2,413.4,1140,0,530.45,0
2026-04-04,251,Belchicken Verviers,0,761.7,547.7,48.4,0,297.3,972.1,0,88.4,0
2026-04-05,251,Belchicken Verviers,0,862.7,410.8,79.5,0,272.6,656.7,0,423.7,0
2026-04-06,251,Belchicken Verviers,0,1904.25,1925.5,209.7,0,931,2882.9,0,225.55,0
2026-04-07,251,Belchicken Verviers,0,781.1,490.8,55.8,0,335.4,774.5,0,217.8,0
2026-04-08,251,Belchicken Verviers,0,676.7,376.4,32.5,0,156.6,864.6,0,64.4,0
2026-04-09,251,Belchicken Verviers,0,569.5,647.2,61.1,0,420.6,732.8,0,124.4,0
2026-04-10,251,Belchicken Verviers,0,876,718.6,75.1,0,264.4,1190.7,0,214.6,0
2026-04-11,251,Belchicken Verviers,0,1132.3,554.5,69.5,0,432.2,853.6,0,470.5,0
2026-04-12,251,Belchicken Verviers,0,937.65,201.4,15.2,0,285.2,445,0,424.05,0
2026-04-13,251,Belchicken Verviers,0,818.2,586.8,50.4,0,314.9,817.8,0,322.7,0
2026-04-14,251,Belchicken Verviers,0,983.24,474,40,0,226.7,791.9,0,478.64,0
2026-04-15,251,Belchicken Verviers,0,808.6,500.9,49.6,0,297.2,906.2,0,155.7,0
2026-04-16,251,Belchicken Verviers,0,677.9,383.5,47,0,304,774.5,0,29.9,0
2026-04-17,251,Belchicken Verviers,0,778,614,66.8,0,418.2,916.5,0,124.1,0
2026-04-18,251,Belchicken Verviers,0,729.9,508.2,43.3,0,359.5,728.1,0,193.8,0
2026-04-19,251,Belchicken Verviers,0,816.2,198.4,24.8,0,223.8,468.4,0,347.2,0
2026-04-20,251,Belchicken Verviers,0,1006.6,322,44.9,0,226.6,570.7,0,576.2,0
2026-04-21,251,Belchicken Verviers,0,1204.6,683.2,52.8,0,418.1,1064.9,0,457.6,0
2026-04-22,251,Belchicken Verviers,0,1126.2,284.6,23,0,453.5,468.4,0,511.9,0
2026-04-23,251,Belchicken Verviers,0,630.9,264.3,21.4,0,183.8,540.6,0,192.2,0
2026-04-24,251,Belchicken Verviers,0,1084.45,368.6,41.9,0,269.3,748.8,0,476.85,0
2026-04-25,251,Belchicken Verviers,0,894.9,730.4,78.1,0,468.3,1122.6,0,112.5,0
2026-04-26,251,Belchicken Verviers,0,628.8,89.1,9.2,0,194.2,273.7,0,259.2,0
2026-04-27,251,Belchicken Verviers,0,701.5,174.3,25.9,0,287.2,425.9,0,188.6,0
2026-04-28,251,Belchicken Verviers,0,542.6,293.6,35.4,0,63.1,511.4,0,297.1,0
2026-04-29,251,Belchicken Verviers,0,1022.9,395,37.5,0,349.3,610.5,0,495.6,0
2026-04-30,251,Belchicken Verviers,0,868.7,250.6,38.9,11.9,269.4,631.7,0,245.2,0
2026-04-01,252,Belchicken Vilvoorde,0,607.23,367.4,34,0,63.4,698.03,0,247.2,0
2026-04-02,252,Belchicken Vilvoorde,0,612.62,403.6,51.9,0,204.7,808.62,0,54.8,0
2026-04-03,252,Belchicken Vilvoorde,0,844.5,750.8,53.5,0,130.9,1365.4,0,152.5,0
2026-04-04,252,Belchicken Vilvoorde,0,716.77,723.8,58.9,0,149.32,1176.4,0,173.75,0
2026-04-05,252,Belchicken Vilvoorde,0,730.35,278.7,20.4,0,156.7,785,0,87.75,0
2026-04-06,252,Belchicken Vilvoorde,0,570.4,461.5,47.7,0,142.3,811,0,126.3,0
2026-04-07,252,Belchicken Vilvoorde,0,882.8,770.92,69.1,0,321.7,1280.92,0,120.2,0
2026-04-08,252,Belchicken Vilvoorde,0,579.36,482.4,44.5,0,175.6,875.06,0,55.6,0
2026-04-09,252,Belchicken Vilvoorde,0,661,548.6,47,0,48.5,1067.6,0,140.5,0
2026-04-10,252,Belchicken Vilvoorde,0,636.7,406.5,54.8,0,25.7,918.1,0,154.2,0
2026-04-11,252,Belchicken Vilvoorde,0,719.82,345.6,33.5,0,83.9,708.72,0,306.3,0
2026-04-12,252,Belchicken Vilvoorde,0,339,174.8,13,0,78,376.5,0,72.3,0
2026-04-13,252,Belchicken Vilvoorde,0,745.8,319.5,27.5,0,37.9,899.4,0,155.5,0
2026-04-14,252,Belchicken Vilvoorde,0,751.8,435.7,48.8,24.8,108,909.1,0,194.4,0
2026-04-15,252,Belchicken Vilvoorde,0,548.1,591.8,38,0,197.3,907.2,0,73.4,0
2026-04-16,252,Belchicken Vilvoorde,0,739.25,433.3,51,36.7,194.7,923.5,0,68.65,0
2026-04-17,252,Belchicken Vilvoorde,0,650.3,588,53,0,47.7,1095.6,0,148,0
2026-04-18,252,Belchicken Vilvoorde,0,711.6,528.7,71.1,0,68.6,1042.8,0,200,0
2026-04-19,252,Belchicken Vilvoorde,0,322.1,269.5,20.5,0,169.4,424,0,18.7,0
2026-04-20,252,Belchicken Vilvoorde,0,354.3,363.8,29.2,0,4.9,667.7,0,74.7,0
2026-04-21,252,Belchicken Vilvoorde,0,289.6,266.6,32.8,0,25.7,466.4,0,96.9,0
2026-04-22,252,Belchicken Vilvoorde,0,683.8,546.1,57,0,71.3,1074.1,0,141.5,0
2026-04-23,252,Belchicken Vilvoorde,0,469.8,399.3,38.5,0,79.2,727.1,0,101.3,0
2026-04-24,252,Belchicken Vilvoorde,0,579,527.9,49,0,123.6,961.6,0,70.7,0
2026-04-25,252,Belchicken Vilvoorde,0,487.3,702.8,67.4,0,237.7,926,0,93.8,0
2026-04-26,252,Belchicken Vilvoorde,0,468.9,94.6,8,0,237.1,268.9,0,65.5,0
2026-04-27,252,Belchicken Vilvoorde,0,803.91,1643.9,167.5,0,190.2,2207.61,0,217.5,0
2026-04-28,252,Belchicken Vilvoorde,0,700.84,382.3,61.4,0,132.5,863.94,0,148.1,0
2026-04-29,252,Belchicken Vilvoorde,0,889.9,707.8,68.2,0,110.3,1397.8,0,157.8,0
2026-04-30,252,Belchicken Vilvoorde,0,657.74,397.1,36.4,22.7,31.8,797.14,0,239.6,0
2026-04-01,254,Belchicken Waterloo,0,404.2,256.1,17,0,110.5,566.8,0,0,0
2026-04-02,254,Belchicken Waterloo,0,559.7,508.1,37,0,157.4,947.4,0,0,0
2026-04-03,254,Belchicken Waterloo,0,805.87,306,23.5,0,194.6,940.77,0,0,0
2026-04-04,254,Belchicken Waterloo,0,309.1,486,47.5,0,102,740.6,0,0,0
2026-04-05,254,Belchicken Waterloo,0,53.8,296.4,25,0,2,373.2,0,0,0
2026-04-06,254,Belchicken Waterloo,0,265.6,347,32,0,58.5,586.1,0,0,0
2026-04-07,254,Belchicken Waterloo,0,407.1,232.4,22.4,0,101.2,560.7,0,0,0
2026-04-08,254,Belchicken Waterloo,0,396.9,178.2,16.5,0,134.9,456.7,0,0,0
2026-04-09,254,Belchicken Waterloo,0,300.5,86.1,15.5,0,110.1,292,0,0,0
2026-04-10,254,Belchicken Waterloo,0,840.2,373.4,30.7,0,438.9,805.4,0,0,0
2026-04-11,254,Belchicken Waterloo,0,275.4,992.2,94.9,0,144.2,1218.3,0,0,0
2026-04-12,254,Belchicken Waterloo,0,286,397.4,47.5,118.8,123.7,488.4,0,0,0
2026-04-13,254,Belchicken Waterloo,0,314.7,271.9,20.2,0,81.8,525,0,0,0
2026-04-14,254,Belchicken Waterloo,0,257.6,331.1,38.5,0,100,527.2,0,0,0
2026-04-15,254,Belchicken Waterloo,0,388.8,268.1,14,0,127.1,543.8,0,0,0
2026-04-16,254,Belchicken Waterloo,0,364.7,249.3,19.5,0,149.4,484.1,0,0,0
2026-04-17,254,Belchicken Waterloo,0,397.8,325,27.5,0,85.5,664.8,0,0,0
2026-04-18,254,Belchicken Waterloo,0,252.6,748.9,82.5,0,151.7,932.3,0,0,0
2026-04-19,254,Belchicken Waterloo,0,168.1,269.3,21,0,31.9,426.5,0,0,0
2026-04-20,254,Belchicken Waterloo,0,152.6,87.5,12,0,12.9,239.2,0,0,0
2026-04-21,254,Belchicken Waterloo,0,283.07,83.9,5,0,32.6,339.37,0,0,0
2026-04-22,254,Belchicken Waterloo,0,273.9,235.3,14,0,88.5,434.7,0,0,0
2026-04-23,254,Belchicken Waterloo,0,430.81,147.7,12.5,0,83.3,507.71,0,0,0
2026-04-24,254,Belchicken Waterloo,0,613.8,358.3,24,0,282.1,714,0,0,0
2026-04-25,254,Belchicken Waterloo,0,399.5,509.9,47,0,140.1,816.3,0,0,0
2026-04-26,254,Belchicken Waterloo,0,80.8,455.6,40,0,52.5,523.9,0,0,0
2026-04-27,254,Belchicken Waterloo,0,389.31,272.5,22,0,128.9,554.91,0,0,0
2026-04-28,254,Belchicken Waterloo,0,319,323.5,15.5,0,94.4,563.6,0,0,0
2026-04-29,254,Belchicken Waterloo,0,193.01,74.7,3,0,23.5,247.21,0,0,0
2026-04-30,254,Belchicken Waterloo,0,402.6,359.4,32.5,0,170.6,623.9,0,0,0
2026-04-01,255,Belchicken Wavre,0,899,38.5,4.9,0,115.1,827.3,0,0,0
2026-04-02,255,Belchicken Wavre,0,696.35,96.6,6,0,22.61,776.34,0,0,0
2026-04-03,255,Belchicken Wavre,0,1102.4,412.9,32.5,0,183.3,1364.5,0,0,0
2026-04-04,255,Belchicken Wavre,0,977.3,557.6,44.5,0,187,1392.4,0,0,0
2026-04-05,255,Belchicken Wavre,0,627.3,340.3,28,0,360.2,635.4,0,0,0
2026-04-06,255,Belchicken Wavre,0,946.47,60.4,5,26.8,257.5,727.57,0,0,0
2026-04-07,255,Belchicken Wavre,0,836.68,8.4,1,0,116.8,729.28,0,0,0
2026-04-08,255,Belchicken Wavre,0,1388.92,39.6,4.5,0,101.8,1331.22,0,0,0
2026-04-09,255,Belchicken Wavre,0,631.22,62.9,9.9,0,138.92,565.1,0,0,0
2026-04-10,255,Belchicken Wavre,0,947.7,413.8,31,0,175.5,1217,0,0,0
2026-04-11,255,Belchicken Wavre,0,884.06,427.2,48.9,0,307.5,1052.66,0,0,0
2026-04-12,255,Belchicken Wavre,0,472.6,478.8,51.8,0,343.6,659.6,0,0,0
2026-04-13,255,Belchicken Wavre,0,1080.21,54.5,2,61.9,166.42,908.39,0,0,0
2026-04-14,255,Belchicken Wavre,0,656.1,333.3,34.9,0,116.7,907.6,0,0,0
2026-04-15,255,Belchicken Wavre,0,1544.6,293.4,23.5,46.1,235.2,1580.2,0,0,0
2026-04-16,255,Belchicken Wavre,0,720.5,186.5,15,38.1,195.4,688.5,0,0,0
2026-04-17,255,Belchicken Wavre,0,1150,353,35.5,0,230.7,1307.8,0,0,0
2026-04-18,255,Belchicken Wavre,0,1551.7,117.2,7,0,486.2,1189.7,0,0,0
2026-04-19,255,Belchicken Wavre,0,1320.55,53.1,4,56,171.4,1150.25,0,0,0
2026-04-20,255,Belchicken Wavre,0,770,77.4,6,0,191.5,661.9,0,0,0
2026-04-21,255,Belchicken Wavre,0,638.1,404.13,31.2,0,246.33,827.1,0,0,0
2026-04-22,255,Belchicken Wavre,0,1146.68,41.6,3,69.3,293.27,828.71,0,0,0
2026-04-23,255,Belchicken Wavre,0,1197.22,63,5,0,164.1,1101.12,0,0,0
2026-04-24,255,Belchicken Wavre,0,977.7,313,32.5,0,195.6,1127.6,0,0,0
2026-04-25,255,Belchicken Wavre,0,915.5,296.71,18.4,0,174.5,1056.11,0,0,0
2026-04-26,255,Belchicken Wavre,0,434.84,331.9,28.5,0,135.8,659.44,0,0,0
2026-04-27,255,Belchicken Wavre,0,698.57,184.2,14.5,0,364.31,532.96,0,0,0
2026-04-28,255,Belchicken Wavre,0,793.9,37.6,6,0,37.1,800.4,0,0,0
2026-04-29,255,Belchicken Wavre,0,740.42,69.9,6.5,0,91.7,725.12,0,0,0
2026-04-30,255,Belchicken Wavre,0,1287.3,48.5,3,0,258.5,1080.3,0,0,0
2026-04-01,256,Belchicken Westland,0,932.8,4853.85,479.55,0,544.06,5682.24,0,39.9,0
2026-04-02,256,Belchicken Westland,0,693.31,2938.78,281.6,0,337.72,3575.97,0,0,0
2026-04-03,256,Belchicken Westland,0,1129.36,3785.31,382.42,0,538.62,4758.47,0,0,0
2026-04-04,256,Belchicken Westland,0,1155.37,8548.59,950.2,0,566.2,10087.96,0,0,0
2026-04-05,256,Belchicken Westland,0,255.8,1200.88,159.4,0,232.68,1383.4,0,0,0
2026-04-06,256,Belchicken Westland,0,510.11,1431.71,193.4,0,436.68,1646.29,0,52.25,0
2026-04-07,256,Belchicken Westland,0,874.57,4023.52,406.9,0,616.52,4636.27,0,52.2,0
2026-04-08,256,Belchicken Westland,0,1404.57,4724.55,512.7,0,641.99,5999.83,0,0,0
2026-04-09,256,Belchicken Westland,0,1012.18,3193.55,394.44,0,471.64,4128.53,0,0,0
2026-04-10,256,Belchicken Westland,0,967.13,4092.16,404.2,0,408.8,5013.69,0,41,0
2026-04-11,256,Belchicken Westland,0,1128.03,7490.44,793.55,0,963.11,8448.91,0,0,0
2026-04-12,256,Belchicken Westland,0,274.5,953.19,133.7,0,128.69,1146.6,0,86.1,0
2026-04-13,256,Belchicken Westland,0,702.43,3482.86,349.3,0,425.03,4109.56,0,0,0
2026-04-14,256,Belchicken Westland,0,1015.57,3801.58,375.8,0,469.33,4723.62,0,0,0
2026-04-15,256,Belchicken Westland,0,938.11,5128.27,535.35,0,1190.51,5411.22,0,0,0
2026-04-16,256,Belchicken Westland,0,643.51,3265.38,350.2,0,525.37,3733.72,0,0,0
2026-04-17,256,Belchicken Westland,0,917.12,4283.85,421.6,0,515.86,5106.71,0,0,0
2026-04-18,256,Belchicken Westland,0,1818.32,7657.47,837,0,1075.96,9210.43,0,26.4,0
2026-04-19,256,Belchicken Westland,0,256.39,1655.9,175.2,0,488.29,1599.2,0,0,0
2026-04-20,256,Belchicken Westland,0,494.61,2520,273.85,0,772.68,2515.78,0,0,0
2026-04-21,256,Belchicken Westland,0,685.99,2049.3,205.45,43.5,307.92,2561.92,0,27.4,0
2026-04-22,256,Belchicken Westland,0,766.27,3457.01,345.47,9.4,461.08,3997.27,0,101,0
2026-04-23,256,Belchicken Westland,0,626.03,1528.5,145.1,0,349.09,1950.54,0,0,0
2026-04-24,256,Belchicken Westland,0,1104.97,3221.92,297.9,0,908.36,3716.43,0,0,0
2026-04-25,256,Belchicken Westland,0,1406.29,6612.12,682.43,0,926.11,7715.83,0,58.9,0
2026-04-26,256,Belchicken Westland,0,205.2,796.1,76.7,0,221.3,856.7,0,0,0
2026-04-27,256,Belchicken Westland,0,883.03,3555.6,398.7,0,462,4375.33,0,0,0
2026-04-28,256,Belchicken Westland,0,571.01,3091.64,341.3,0,527.63,3476.32,0,0,0
2026-04-29,256,Belchicken Westland,0,936.54,4189.7,437.3,0,463,5047.74,0,52.8,0
2026-04-30,256,Belchicken Westland,0,1113.82,3948.73,403.3,0,623.3,4842.55,0,0,0
2026-04-01,262,Belchicken Wetteren,0,427.15,956.73,106.1,0,265.95,1224.03,0,0,0
2026-04-02,262,Belchicken Wetteren,0,400.57,539.9,97.6,0,138.5,899.57,0,0,0
2026-04-03,262,Belchicken Wetteren,0,381.56,1515.31,165.55,0,209.4,1853.02,0,0,0
2026-04-04,262,Belchicken Wetteren,0,454.3,1320.31,143.3,0,222.21,1695.7,0,0,0
2026-04-05,262,Belchicken Wetteren,0,551.5,613.1,59,119.5,172,932.1,0,0,0
2026-04-06,262,Belchicken Wetteren,0,720.5,1120.2,126.7,30.8,213.4,1723.2,0,0,0
2026-04-07,262,Belchicken Wetteren,0,317.8,723.1,81.3,0,223.8,898.4,0,0,0
2026-04-08,262,Belchicken Wetteren,0,365.56,715.8,102.7,0,143,1041.06,0,0,0
2026-04-09,262,Belchicken Wetteren,0,249.97,476,64.3,0,123.5,666.77,0,0,0
2026-04-10,262,Belchicken Wetteren,0,725.15,1052.53,97.1,0,177.79,1696.99,0,0,0
2026-04-11,262,Belchicken Wetteren,0,670.8,547.36,62.9,0,193.7,1087.36,0,0,0
2026-04-12,262,Belchicken Wetteren,0,420.9,744.3,75.3,101.2,113.6,1025.7,0,0,0
2026-04-13,262,Belchicken Wetteren,0,258.5,687.8,73.5,19.3,185.4,815.1,0,0,0
2026-04-14,262,Belchicken Wetteren,0,297.41,853.18,100.1,0,86.1,1164.59,0,0,0
2026-04-15,262,Belchicken Wetteren,0,642.51,1039.8,123.4,0,191.21,1614.5,0,0,0
2026-04-16,262,Belchicken Wetteren,0,348.5,466.1,59.9,13.9,168.7,691.9,0,0,0
2026-04-17,262,Belchicken Wetteren,0,607,1082.9,117.8,0,132.4,1675.3,0,0,0
2026-04-18,262,Belchicken Wetteren,0,507.41,1756.47,195.7,35.9,282.4,2141.28,0,0,0
2026-04-19,262,Belchicken Wetteren,0,643.7,1093.59,130.85,0,183.6,1684.54,0,0,0
2026-04-20,262,Belchicken Wetteren,0,314.26,486.1,65.5,0,76.3,789.56,0,0,0
2026-04-21,262,Belchicken Wetteren,0,242.58,325.6,37.3,0,133.6,471.88,0,0,0
2026-04-22,262,Belchicken Wetteren,0,548.76,592,86.1,0,301.6,925.26,0,0,0
2026-04-23,262,Belchicken Wetteren,0,548.4,441,57.9,44.9,135.3,867.1,0,0,0
2026-04-24,262,Belchicken Wetteren,0,379.1,729.5,141.7,0,42.1,1208.2,0,0,0
2026-04-25,262,Belchicken Wetteren,0,368.16,1106.6,115.4,23.3,68,1498.86,0,0,0
2026-04-26,262,Belchicken Wetteren,0,402.7,826.6,84,0,77.4,1235.9,0,0,0
2026-04-27,262,Belchicken Wetteren,0,227.89,445.64,46.3,0,290.8,429.03,0,0,0
2026-04-28,262,Belchicken Wetteren,0,476.9,336,57.7,0,200.5,670.1,0,0,0
2026-04-29,262,Belchicken Wetteren,0,422.22,993.4,113.4,0,101.47,1427.55,0,0,0
2026-04-30,262,Belchicken Wetteren,0,713.18,582.81,111.2,47.6,51.59,1308,0,0,0
2026-04-01,244,Belchicken Wijnegem,0,823.9,4081.91,452.7,0,923.5,4435.01,0,0,0
2026-04-02,244,Belchicken Wijnegem,0,693.78,2787.41,284.85,0,504.46,3261.58,0,0,0
2026-04-03,244,Belchicken Wijnegem,0,1092.71,4312.9,479.8,0,809.6,5075.81,0,0,0
2026-04-04,244,Belchicken Wijnegem,0,1238.1,7606.17,899.1,0,859.46,8883.91,0,0,0
2026-04-07,244,Belchicken Wijnegem,0,1061.51,4666.13,550.6,0,1151.97,5126.27,0,0,0
2026-04-08,244,Belchicken Wijnegem,0,975.4,4267.23,421.1,0,593.62,5070.11,0,0,0
2026-04-09,244,Belchicken Wijnegem,0,824.6,3868.8,427.1,56.3,415.1,4649.1,0,0,0
2026-04-10,244,Belchicken Wijnegem,0,847.34,7181.84,758.7,0,1217.64,7550.44,0,0,0
2026-04-11,244,Belchicken Wijnegem,0,1438.18,6547.54,765.95,0,939.37,7812.3,0,0,0
2026-04-13,244,Belchicken Wijnegem,0,556.1,3589.22,388.7,0,624.1,3909.92,0,0,0
2026-04-14,244,Belchicken Wijnegem,0,623.1,3313.22,347,0,521.54,3761.78,0,0,0
2026-04-15,244,Belchicken Wijnegem,0,556,2773.36,342.25,12.9,571.4,3087.31,0,0,0
2026-04-16,244,Belchicken Wijnegem,0,672.04,3705.68,411.85,0,661.36,4128.21,0,0,0
2026-04-17,244,Belchicken Wijnegem,0,854.22,4116.81,474.9,0,786.04,4659.89,0,0,0
2026-04-18,244,Belchicken Wijnegem,0,1386.98,7405.1,781,0,929.01,8644.07,0,0,0
2026-04-20,244,Belchicken Wijnegem,0,333.3,1755.94,186.6,0,233.64,2042.2,0,0,0
2026-04-21,244,Belchicken Wijnegem,0,413.6,1721.42,168.1,0,432.9,1870.22,0,0,0
2026-04-22,244,Belchicken Wijnegem,0,332.6,1953.9,220.6,0,480.2,2026.9,0,0,0
2026-04-23,244,Belchicken Wijnegem,0,354.84,1432.9,142.4,0,205.81,1724.33,0,0,0
2026-04-24,244,Belchicken Wijnegem,0,754.91,3165.91,343.6,0,534.4,3730.02,0,0,0
2026-04-25,244,Belchicken Wijnegem,0,618.01,5947.08,643.77,0,1141.05,6067.81,0,0,0
2026-04-27,244,Belchicken Wijnegem,0,511.53,1759.03,220.45,0,401.62,2089.39,0,0,0
2026-04-28,244,Belchicken Wijnegem,0,462.78,1663.66,182.45,0,281.71,2027.18,0,0,0
2026-04-29,244,Belchicken Wijnegem,0,650.9,3070.6,356.1,0,533.86,3543.74,0,0,0
2026-04-30,244,Belchicken Wijnegem,0,630.1,3604.73,358.7,0,776.8,3816.73,0,0,0
2026-04-01,257,Belchicken Zaventem,0,520.6,539.6,56.9,0,233,884.1,0,0,0
2026-04-02,257,Belchicken Zaventem,0,389.9,480.3,46.3,12.9,129.7,773.9,0,0,0
2026-04-03,257,Belchicken Zaventem,0,435.27,691.4,58.9,16.5,169.9,999.17,0,0,0
2026-04-04,257,Belchicken Zaventem,0,484.8,280.8,22,24.2,191.8,571.6,0,0,0
2026-04-05,257,Belchicken Zaventem,0,430.89,574.08,62.67,0,196.35,871.29,0,0,0
2026-04-06,257,Belchicken Zaventem,0,259.12,385.9,40.1,0,89.4,595.72,0,0,0
2026-04-07,257,Belchicken Zaventem,0,395.1,307.8,34.8,0,190.6,547.1,0,0,0
2026-04-08,257,Belchicken Zaventem,0,223.1,433.2,48.7,0,67.2,637.8,0,0,0
2026-04-09,257,Belchicken Zaventem,0,283.4,326.9,24,0,62.4,571.9,0,0,0
2026-04-10,257,Belchicken Zaventem,0,161.25,185.29,16.15,0,90.04,272.65,0,0,0
2026-04-11,257,Belchicken Zaventem,0,221.82,818.5,93.8,7.9,80.32,1045.9,0,0,0
2026-04-12,257,Belchicken Zaventem,0,252.3,235.2,25.4,46.6,74,392.3,0,0,0
2026-04-13,257,Belchicken Zaventem,0,389.5,291.2,20.5,55.3,103.1,542.8,0,0,0
2026-04-14,257,Belchicken Zaventem,0,293.9,391.4,38.51,0,91,632.81,0,0,0
2026-04-15,257,Belchicken Zaventem,0,239.2,338.1,32,0,23.8,585.5,0,0,0
2026-04-16,257,Belchicken Zaventem,0,327.17,298.5,28,0,118,535.67,0,0,0
2026-04-17,257,Belchicken Zaventem,0,480.2,341,37.9,13.8,173.5,671.8,0,0,0
2026-04-18,257,Belchicken Zaventem,0,832,371.3,29,4.9,172.5,1054.9,0,0,0
2026-04-19,257,Belchicken Zaventem,0,273.51,326.2,28.5,41.5,43.41,543.3,0,0,0
2026-04-20,257,Belchicken Zaventem,0,349.7,376.27,36.25,0,169.82,592.4,0,0,0
2026-04-21,257,Belchicken Zaventem,0,146.9,325,31.9,0,163.8,340,0,0,0
2026-04-22,257,Belchicken Zaventem,0,278.7,484.9,40.5,0,214.4,589.7,0,0,0
2026-04-23,257,Belchicken Zaventem,0,153.1,330.6,29.4,0,115.8,397.3,0,0,0
2026-04-24,257,Belchicken Zaventem,0,255,557.5,54.2,0,87.3,779.4,0,0,0
2026-04-25,257,Belchicken Zaventem,0,326.1,519.7,50.2,0,305.6,590.4,0,0,0
2026-04-26,257,Belchicken Zaventem,0,278.2,487.9,32.5,0,140.4,658.2,0,0,0
2026-04-27,257,Belchicken Zaventem,0,273.3,437.4,35.4,57,227.9,461.2,0,0,0
2026-04-28,257,Belchicken Zaventem,0,321.4,343.5,32.4,0,143,554.3,0,0,0
2026-04-29,257,Belchicken Zaventem,0,394.57,706.3,78.8,16.8,202.3,960.57,0,0,0
2026-04-30,257,Belchicken Zaventem,0,392.3,422.4,34.5,0,166.1,683.1,0,0,0